File,Satisfiable_i15,Time (s)_i15,Satisfiable_i16,Time (s)_i16,Satisfiable_output_standard,Time (s)_output_standard,Satisfiable_i14,Time (s)_i14,Satisfiable_i17,Time (s)_i17,Satisfiable_i13,Time (s)_i13,Selection
00d1fe07ab948b348bb3fb423b1ef40d-lec_mult_KvW_12x11.sanitized.out,UNKNOWN,3583.76,UNKNOWN,3583.13,UNKNOWN,3580.16,UNKNOWN,3583.32,UNKNOWN,3585.14,UNKNOWN,3573.16,Not Selected
02066c116dbacc40ec5cca2067db26c0-mrpp_4x4#12_12.out,UNSATISFIABLE,11.88,UNSATISFIABLE,33.48,UNSATISFIABLE,13.87,UNSATISFIABLE,11.63,UNSATISFIABLE,9.77,UNSATISFIABLE,10.93,Selected
0265448c232e3a25aa5bcd29b1b14567-x9-10051.sat.sanitized.out,UNSATISFIABLE,260.06,UNSATISFIABLE,188.72,UNSATISFIABLE,263.34,UNSATISFIABLE,257.37,UNSATISFIABLE,207.36,UNSATISFIABLE,239.46,Selected
02e4f23ed59566d343b605dc2cc30a01-REGRandom-K4-L3-Seed40.sanitized.out,UNKNOWN,3584.88,UNKNOWN,3583.93,UNKNOWN,3583.15,UNKNOWN,3583.97,UNKNOWN,3585.99,UNKNOWN,3575.5,Not Selected
02f6ca52f1ada872d82035088701b66a-linked_list_swap_contents_safety_unwind69.out,UNSATISFIABLE,140.42,UNSATISFIABLE,180.55,UNSATISFIABLE,97.03,UNSATISFIABLE,126.75,UNSATISFIABLE,148.85,UNSATISFIABLE,192.1,Selected
04ded94454830d4ea960327e8b91f5a3-mdp-28-14-sat.out,SATISFIABLE,642.25,SATISFIABLE,990.56,SATISFIABLE,629.45,SATISFIABLE,614.56,SATISFIABLE,102.4,SATISFIABLE,590.29,Selected
04e219c640ed59dc68ea2d50493de5b5-mp1-Nb5T15.out,SATISFIABLE,193.17,SATISFIABLE,61.73,SATISFIABLE,204.06,SATISFIABLE,2891.21,UNKNOWN,3585.73,SATISFIABLE,26.4,Selected
05c8e94aaee86390eaf6e68dd3ec3570-noL-11-2.sanitized.out,SATISFIABLE,586.86,SATISFIABLE,64.57,SATISFIABLE,696.26,UNKNOWN,3582.07,SATISFIABLE,2083.99,UNKNOWN,3573.62,Selected
05ed64e4e6229f446082752936768489-stb_495_168.apx_2_DC-AD.out,UNSATISFIABLE,262.72,UNSATISFIABLE,189.12,UNSATISFIABLE,230.56,UNSATISFIABLE,223.34,UNSATISFIABLE,193.93,UNSATISFIABLE,241.62,Selected
07b476c83150d3cb7e08f5d045e255ab-marg5x5.shuffled-as.sat03-1455.out,UNKNOWN,3584.58,UNKNOWN,3587.02,UNKNOWN,3583.42,UNKNOWN,3584.14,UNKNOWN,3586.25,UNKNOWN,3580.77,Not Selected
07c50b89d97a55b6e1629999a445a2ba-ctl_4201_555_unsat_pre.out,UNSATISFIABLE,1784.42,UNSATISFIABLE,1663.69,UNSATISFIABLE,1589.58,UNSATISFIABLE,1715.5,UNSATISFIABLE,1470.8,UNSATISFIABLE,1538.32,Selected
07e6413459f92b613498a719125b6239-j3037_10_mdd_bm1.out,UNSATISFIABLE,46.56,UNSATISFIABLE,46.62,UNSATISFIABLE,47.38,UNSATISFIABLE,41.5,UNSATISFIABLE,39.09,UNSATISFIABLE,40.4,Selected
0876c518e5653369e20fb1ee0bb8db40-mp1-klieber2017s-0500-023-t12.out,SATISFIABLE,103.79,SATISFIABLE,121.58,SATISFIABLE,92.3,SATISFIABLE,89.17,SATISFIABLE,118.56,SATISFIABLE,123.63,Selected
089f909e37b3ef0c4d90687f7e22b68f-simon-r18-0.sanitized.out,SATISFIABLE,0.0,SATISFIABLE,0.0,SATISFIABLE,0.0,SATISFIABLE,0.0,SATISFIABLE,0.0,SATISFIABLE,0.0,Not Selected
08be288536c3178e6874a5676493923c-g2-hwmcc15deep-bob12s02-k16.out,UNKNOWN,3581.99,UNKNOWN,3584.25,UNKNOWN,3583.28,UNKNOWN,3583.19,UNKNOWN,3580.45,UNKNOWN,3579.15,Not Selected
08ccc34df5d8eb9e9d45278af3dc093d-simon-r16-1.sanitized.out,SATISFIABLE,0.0,SATISFIABLE,0.0,SATISFIABLE,0.0,SATISFIABLE,0.0,SATISFIABLE,0.0,SATISFIABLE,0.0,Not Selected
093fa3ff9f7bc9979c43f9d2310ac21d-128_125.sanitized.out,SATISFIABLE,414.19,SATISFIABLE,416.18,SATISFIABLE,426.18,SATISFIABLE,415.88,SATISFIABLE,389.03,SATISFIABLE,377.73,Selected
096e485489025895cdc59887baafa08b-test_v7_r17_vr5_c1_s25451.smt2-cvc4.out,UNKNOWN,3583.01,UNKNOWN,3582.77,UNKNOWN,3580.31,UNKNOWN,3582.2,UNKNOWN,3583.59,UNKNOWN,3563.99,Not Selected
09b61bbf19748094a7d896aac314ab36-x9-12063.sat.sanitized.out,SATISFIABLE,1310.01,SATISFIABLE,282.17,SATISFIABLE,471.48,SATISFIABLE,458.72,SATISFIABLE,484.3,SATISFIABLE,1178.05,Selected
09c1b79b1cfe3522364fe60aef780703-x9-12092.sat.sanitized.out,SATISFIABLE,82.18,SATISFIABLE,278.83,SATISFIABLE,230.77,SATISFIABLE,224.45,SATISFIABLE,248.83,SATISFIABLE,69.07,Selected
09d7add3bf3b75c5d1023a92e752989a-Break_unsat_04_03.xml.out,UNSATISFIABLE,0.02,UNSATISFIABLE,0.02,UNSATISFIABLE,0.03,UNSATISFIABLE,0.03,UNSATISFIABLE,0.02,UNSATISFIABLE,0.03,Not Selected
0a02751cacf5e1cdfcc842a7f220199f-hwmcc17miters-xits-iso-bobsmfpu.sanitized.out,UNSATISFIABLE,0.17,UNSATISFIABLE,0.17,UNSATISFIABLE,0.26,UNSATISFIABLE,0.25,UNSATISFIABLE,0.19,UNSATISFIABLE,0.22,Not Selected
0a27eb7c16c1e69ff4d087d217ac89cb-noL-11-0.sanitized.out,SATISFIABLE,1231.3,SATISFIABLE,723.99,SATISFIABLE,1262.31,SATISFIABLE,1524.63,SATISFIABLE,1995.44,SATISFIABLE,767.83,Selected
0ac5ff376b826f68d384ba05a1d00de0-sokoban-p20.sas.cr.33.out,UNKNOWN,3582.67,UNKNOWN,3582.12,UNKNOWN,3574.02,UNKNOWN,3581.81,UNKNOWN,3584.26,UNKNOWN,3575.66,Not Selected
0ac6aaf6db6a0e4ec3a06e865d01086f-pcmax-scheduling-m13-2011-12813-UNSAT.sanitized.out,UNSATISFIABLE,245.21,UNSATISFIABLE,235.79,UNSATISFIABLE,174.03,UNSATISFIABLE,227.77,UNSATISFIABLE,169.93,UNSATISFIABLE,238.0,Selected
0bad2ce307bf5b68db26fa34e252c9d4-af-synthesis_stb_50_100_4_sat.out,SATISFIABLE,439.17,SATISFIABLE,690.1,SATISFIABLE,1550.43,SATISFIABLE,375.2,SATISFIABLE,179.21,SATISFIABLE,1143.32,Selected
0cace8a29a1d6b225a8da561d35e8f5a-lru_10.sanitized.out,SATISFIABLE,89.96,SATISFIABLE,87.86,SATISFIABLE,91.72,SATISFIABLE,89.35,SATISFIABLE,82.34,SATISFIABLE,76.35,Selected
0cfe9c90d3a51435a5e4dba7634b882f-g2-ak128boothbg2msisc.out,SATISFIABLE,0.62,SATISFIABLE,0.62,SATISFIABLE,0.62,SATISFIABLE,0.61,SATISFIABLE,0.57,SATISFIABLE,0.53,Not Selected
0d3160b80aa406bfc718c007265b9e73-linked_list_swap_contents_safety_unwind65.out,UNSATISFIABLE,263.06,UNSATISFIABLE,123.14,UNSATISFIABLE,149.64,UNSATISFIABLE,145.12,UNSATISFIABLE,215.12,UNSATISFIABLE,119.02,Selected
0d3fcbb89bfb8e821058ba3ea4284de1-j3045_10_gmto_b.out,SATISFIABLE,1145.84,SATISFIABLE,379.38,SATISFIABLE,426.45,SATISFIABLE,255.79,UNKNOWN,3583.01,SATISFIABLE,193.32,Selected
0d81711a3d73c828e8c6e12607eda82d-noL-11-20.sanitized.out,SATISFIABLE,71.67,SATISFIABLE,17.5,SATISFIABLE,149.5,SATISFIABLE,144.39,SATISFIABLE,59.82,SATISFIABLE,65.36,Selected
0e5ffe8651c6d9c3cccc3f6cb72be39a-g2-test_v5_r10_vr10_c1_s21502.smt2-cvc4.out,UNSATISFIABLE,448.52,UNSATISFIABLE,2392.26,UNSATISFIABLE,502.23,UNSATISFIABLE,1194.51,UNSATISFIABLE,384.64,UNSATISFIABLE,415.87,Selected
0ef029cb7616d4a89eb6d1f63e89f67e-or_randxor_k3_n510_m510.sanitized.out,UNSATISFIABLE,6.06,UNSATISFIABLE,12.86,UNSATISFIABLE,4.78,UNSATISFIABLE,4.66,UNSATISFIABLE,5.28,UNSATISFIABLE,5.65,Selected
0f262afd5b117000f8b4734d175aadab-linked_list_swap_contents_safety_unwind73.out,UNSATISFIABLE,445.31,UNSATISFIABLE,171.48,UNSATISFIABLE,154.87,UNSATISFIABLE,180.2,UNSATISFIABLE,134.23,UNSATISFIABLE,175.35,Selected
0fa8623240b5c14c1308f863a6dc88ab-urqh1c5x5.shuffled-as.sat03-1468.cnf.mis-103.debugged.out,UNKNOWN,3584.85,UNKNOWN,3584.4,UNKNOWN,3582.71,UNKNOWN,3584.55,UNKNOWN,3585.28,UNKNOWN,3583.77,Not Selected
0fa9521ff633b27be11525a7b0f7d8b6-jgiraldezlevy.2200.9086.08.40.41.out,SATISFIABLE,187.15,SATISFIABLE,91.01,SATISFIABLE,10.33,SATISFIABLE,139.25,SATISFIABLE,493.24,SATISFIABLE,286.05,Selected
1009c791cee542cdf19651fe25e6881a-summle_X4053_steps8_I1-2-2-4-4-8-25-100.out,SATISFIABLE,30.94,SATISFIABLE,11.05,SATISFIABLE,14.45,SATISFIABLE,18.47,SATISFIABLE,16.23,SATISFIABLE,40.37,Selected
1156429862d3c03160406d6d1a786f11-rphp_p8_r170.sanitized.out,UNKNOWN,3584.7,UNKNOWN,3587.26,UNKNOWN,3583.18,UNKNOWN,3582.87,UNKNOWN,3585.15,UNKNOWN,3582.68,Not Selected
1165e12b6addad01b491c4616306186c-mulhs016-sc2009.out,UNKNOWN,3583.23,UNKNOWN,3583.64,UNKNOWN,3581.48,UNKNOWN,3579.84,UNKNOWN,3583.75,UNKNOWN,3582.69,Not Selected
11cc532ecddfb10a47e0a869b4867c1b-Break_triple_20_36.xml.out,UNKNOWN,3582.79,UNKNOWN,3582.77,UNKNOWN,3580.63,UNKNOWN,3581.75,UNKNOWN,3560.5,UNKNOWN,3582.15,Not Selected
12b4a08e412a3bffb513ca65639c7c69-Folkman-175-7416734.sanitized.out,SATISFIABLE,85.9,SATISFIABLE,169.38,SATISFIABLE,345.87,SATISFIABLE,293.47,SATISFIABLE,228.3,SATISFIABLE,142.69,Selected
13ae2628d8e113db1786dba41a65fe38-x9-10027.sat.sanitized.out,SATISFIABLE,170.22,SATISFIABLE,37.6,SATISFIABLE,52.62,SATISFIABLE,50.99,SATISFIABLE,16.72,SATISFIABLE,156.23,Selected
1427381a809c64c721838894ece6756d-shuffling-2-s25242449-of-bench-sat04-727.used-as.sat04-753.out,SATISFIABLE,42.43,SATISFIABLE,497.68,SATISFIABLE,43.9,SATISFIABLE,36.68,SATISFIABLE,41.41,SATISFIABLE,45.26,Selected
14e4cfcf0d83b2185fad41684d00d4dc-x9-12035.sat.sanitized.out,SATISFIABLE,68.08,SATISFIABLE,309.35,SATISFIABLE,420.54,SATISFIABLE,407.22,SATISFIABLE,1056.35,SATISFIABLE,62.6,Selected
14ea5857d75ae2b235a3ba97373ea732-af-synthesis_stb_50_40_9_unsat.out,UNSATISFIABLE,1983.28,UNSATISFIABLE,2079.19,UNSATISFIABLE,2113.12,UNSATISFIABLE,2062.71,UNSATISFIABLE,1640.56,UNSATISFIABLE,1798.44,Selected
1507d9812624b3e0eaf15e40100be020-x9-12014.sat.sanitized.out,SATISFIABLE,20.17,SATISFIABLE,883.64,SATISFIABLE,27.74,SATISFIABLE,27.07,SATISFIABLE,800.02,SATISFIABLE,18.49,Selected
1545660e72158c7e90da5ad4c877a124-hwmcc20miters-iso-rast-p06.sanitized.out,UNSATISFIABLE,0.36,UNSATISFIABLE,0.26,UNSATISFIABLE,0.38,UNSATISFIABLE,0.36,UNSATISFIABLE,0.29,UNSATISFIABLE,0.33,Not Selected
1548977b4e27032fe07cda357782cd6a-mdp-28-14-unsat.out,UNSATISFIABLE,1869.57,UNSATISFIABLE,1527.95,UNSATISFIABLE,2769.54,UNSATISFIABLE,2697.9,UNSATISFIABLE,1872.21,UNSATISFIABLE,1714.5,Selected
16c27d738cb45b766b8823ca4f428cf0-rbsat-v760c43649gyes7.out,SATISFIABLE,1328.96,SATISFIABLE,604.0,SATISFIABLE,2428.66,SATISFIABLE,132.55,SATISFIABLE,313.1,SATISFIABLE,322.23,Selected
16c5482d8e658b54e20d59cfd4b1d588-two-trees-511v.sanitized.out,UNKNOWN,3582.78,UNKNOWN,3584.77,UNKNOWN,3582.33,UNKNOWN,3584.03,SATISFIABLE,645.82,UNKNOWN,3584.24,Selected
16ca57f2cdffd5b0260fc771017e1f04-mdp-36-10-unsat.out,UNKNOWN,3583.64,UNKNOWN,3584.2,UNKNOWN,3582.63,UNKNOWN,3583.27,UNKNOWN,3585.05,UNKNOWN,3583.48,Not Selected
170a7d847694ee4cfa5c421757672882-af-synthesis_stb_50_140_0_unsat.out,UNSATISFIABLE,1027.48,UNSATISFIABLE,996.92,UNSATISFIABLE,1022.7,UNSATISFIABLE,1064.23,UNSATISFIABLE,783.76,UNSATISFIABLE,961.39,Selected
170b13af977e962321c493544b2bd0a9-circuit_48in64out_with_800gates_4in4out_dist128_seed4.sanitized.out,SATISFIABLE,23.77,SATISFIABLE,108.44,SATISFIABLE,21.94,SATISFIABLE,20.6,SATISFIABLE,19.03,SATISFIABLE,19.82,Selected
18c0eb461bda29214bd43b84199a3b61-cliquecolouring_n31_k5_c4.sanitized.out,UNKNOWN,3583.72,UNKNOWN,3583.0,UNKNOWN,3579.06,UNKNOWN,3582.42,UNKNOWN,3583.58,UNKNOWN,3581.61,Not Selected
195852083a05edee1902233698eec14a-x9-11077.sat.sanitized.out,SATISFIABLE,107.71,SATISFIABLE,4.88,SATISFIABLE,80.9,SATISFIABLE,78.33,SATISFIABLE,11.52,SATISFIABLE,96.88,Selected
19e2c3a0865c8c1b4543d11213bebe5f-x9-09024.sat.sanitized.out,UNSATISFIABLE,36.59,UNSATISFIABLE,21.72,UNSATISFIABLE,37.75,UNSATISFIABLE,36.52,UNSATISFIABLE,25.57,UNSATISFIABLE,32.9,Selected
1a1c9d1dc1ae7fcff92e3c3499864b75-af-synthesis_stb_50_200_4_unsat.out,UNSATISFIABLE,584.6,UNSATISFIABLE,485.89,UNSATISFIABLE,324.65,UNSATISFIABLE,554.24,UNSATISFIABLE,370.9,UNSATISFIABLE,556.03,Selected
1a20d903db74ab566efc68a35e6b0ec5-hwmcc20miters-iso-rast-p11.sanitized.out,UNSATISFIABLE,0.36,UNSATISFIABLE,0.36,UNSATISFIABLE,0.24,UNSATISFIABLE,0.35,UNSATISFIABLE,0.33,UNSATISFIABLE,0.33,Not Selected
1afa2d7a3d817c3149da432eece66da8-worker_550_550_550_0.3.out,SATISFIABLE,28.75,SATISFIABLE,27.2,SATISFIABLE,25.09,SATISFIABLE,24.31,SATISFIABLE,25.9,SATISFIABLE,23.63,Selected
1b0f4ff7984b8d4cf2873200fb1680fb-af-synthesis_stb_50_140_1_unsat.out,UNSATISFIABLE,1973.08,UNSATISFIABLE,1789.64,UNSATISFIABLE,2075.27,UNSATISFIABLE,2310.47,UNSATISFIABLE,1612.45,UNSATISFIABLE,1828.26,Selected
1b3c7ac17705be94daaddb5f5ae4816b-rook-56-0-0.out,UNSATISFIABLE,2856.36,UNKNOWN,3581.72,UNSATISFIABLE,3278.29,UNSATISFIABLE,3136.15,UNSATISFIABLE,2798.46,UNSATISFIABLE,3070.51,Selected
1e0da402100982e53001a64281149dd9-linked_list_swap_contents_safety_unwind63.out,UNSATISFIABLE,78.5,UNSATISFIABLE,137.23,UNSATISFIABLE,100.09,UNSATISFIABLE,100.32,UNSATISFIABLE,226.12,UNSATISFIABLE,97.94,Selected
1e3c3e8d349759b8b482a6f2721762c4-apn-sbox5-cut3-symmbreak.out,UNKNOWN,3579.07,UNKNOWN,3582.76,UNKNOWN,3560.28,UNKNOWN,3581.43,UNKNOWN,3583.53,UNKNOWN,3581.57,Not Selected
1e74212168124b696531fed471b480b1-mdp-32-10-unsat.out,UNKNOWN,3584.96,UNKNOWN,3586.07,UNKNOWN,3582.69,UNKNOWN,3584.01,UNKNOWN,3585.09,UNKNOWN,3578.88,Not Selected
1ea68d0008f01c50a1e4fec77dd0775e-REGRandom-K4-L1-Seed30.sanitized.out,UNSATISFIABLE,9.44,UNSATISFIABLE,8.66,UNSATISFIABLE,9.9,UNSATISFIABLE,9.29,UNSATISFIABLE,8.81,UNSATISFIABLE,7.86,Not Selected
1f44da3598ccf8bcbe9a90fb1b2f1ebd-REGRandom-K3-L3-Seed25.sanitized.out,UNSATISFIABLE,2.23,UNSATISFIABLE,2.12,UNSATISFIABLE,2.23,UNSATISFIABLE,2.31,UNSATISFIABLE,2.01,UNSATISFIABLE,1.98,Not Selected
207b28c3cefc55b143259222cbfd4962-pcmax-scheduling-m37-28831-324346-SAT.sanitized.out,UNKNOWN,3582.39,UNKNOWN,3583.06,UNKNOWN,3581.29,UNKNOWN,3582.27,UNKNOWN,3583.87,UNKNOWN,3581.44,Not Selected
210fe1c0ffefde5bcd03d59b1efa6984-32_325.sanitized.out,SATISFIABLE,260.58,SATISFIABLE,256.09,SATISFIABLE,213.26,SATISFIABLE,260.07,SATISFIABLE,246.78,SATISFIABLE,242.42,Selected
2115182958f6cfb5a172a24f989b86dd-rook-42-0-1.out,UNSATISFIABLE,1222.64,UNKNOWN,3580.73,UNSATISFIABLE,1700.0,UNSATISFIABLE,1677.29,UNSATISFIABLE,1668.58,UNSATISFIABLE,1662.48,Selected
22b4cf412c811872d6ba5078106aeb6c-j3037_10_rggt_b.out,SATISFIABLE,132.02,SATISFIABLE,7.39,SATISFIABLE,129.32,SATISFIABLE,97.6,SATISFIABLE,88.08,SATISFIABLE,140.61,Selected
23daec2c71ce3c1e346e6042f3dc42eb-mdp-32-14-unsat.out,UNKNOWN,3584.76,UNKNOWN,3585.33,UNKNOWN,3580.95,UNKNOWN,3578.73,UNKNOWN,3558.71,UNKNOWN,3584.2,Not Selected
24bdfb34654b1aa703fae31ea91e7c7f-tseitin_d3_n158.sanitized.out,UNKNOWN,3585.16,UNKNOWN,3587.51,UNKNOWN,3583.92,UNKNOWN,3585.37,UNKNOWN,3587.01,UNKNOWN,3583.46,Not Selected
25447f441df2f134223d3e43319c99ad-lec_mult_CvW_12x11.sanitized.out,UNSATISFIABLE,2222.05,UNSATISFIABLE,2727.52,UNKNOWN,3560.31,UNKNOWN,3583.79,UNSATISFIABLE,1974.04,UNSATISFIABLE,2025.8,Selected
25cc054738293c0d9377d7b72b78a341-string_compare_safety_cbmc_unwinding_900.out,UNSATISFIABLE,1807.34,UNSATISFIABLE,2100.27,UNSATISFIABLE,1749.69,UNSATISFIABLE,1191.77,UNSATISFIABLE,1460.69,UNSATISFIABLE,1305.93,Selected
26254890fa7107f85242ec9190da2a7a-002.out,SATISFIABLE,1925.46,SATISFIABLE,507.85,SATISFIABLE,240.72,UNKNOWN,3582.55,UNKNOWN,3585.14,UNKNOWN,3582.92,Selected
26b648475cfd06695a17ac95f4469744-128_75.sanitized.out,SATISFIABLE,262.61,SATISFIABLE,258.6,SATISFIABLE,259.25,SATISFIABLE,264.25,SATISFIABLE,245.74,SATISFIABLE,240.91,Selected
278aa933fdef642f33fb02a2b18717c1-lec_mult_DvK_11x10.sanitized.out,UNSATISFIABLE,839.17,UNSATISFIABLE,512.42,UNSATISFIABLE,802.4,UNSATISFIABLE,803.65,UNSATISFIABLE,655.39,UNSATISFIABLE,776.66,Selected
282a02a1743eb47c6b340e52ecce40a2-lru_6.sanitized.out,SATISFIABLE,47.49,SATISFIABLE,46.35,SATISFIABLE,47.03,SATISFIABLE,47.71,SATISFIABLE,40.03,SATISFIABLE,43.81,Selected
29ab150158d641568f888e8401d2ac13-bmc_QICE_snp_vld_30.out,UNSATISFIABLE,709.91,UNSATISFIABLE,601.75,UNSATISFIABLE,594.89,UNSATISFIABLE,638.32,UNSATISFIABLE,572.34,UNSATISFIABLE,554.9,Selected
29d86d9a3b85c349e10ad68d7a713da2-1-ZC-512-K-63.sanitized.out,UNKNOWN,3583.83,UNKNOWN,3583.3,UNKNOWN,3577.52,UNKNOWN,3584.11,UNKNOWN,3583.74,UNKNOWN,3583.75,Not Selected
29e61b1317804fb897e84237613d42bb-worker_30_60_25_0.9.out,UNKNOWN,3584.4,UNKNOWN,3584.83,UNKNOWN,3581.62,UNKNOWN,3583.64,UNKNOWN,3585.32,UNKNOWN,3584.23,Not Selected
2a15a30186afdad41a49c5c5366d01be-Timetable_C_392_E_62_Cl_26_S_28.out,SATISFIABLE,49.1,SATISFIABLE,25.93,SATISFIABLE,55.08,SATISFIABLE,72.22,SATISFIABLE,59.1,SATISFIABLE,47.03,Selected
2a53e9c6a25a50d753a94ead66065826-mp1-ps_5000_21250_3_0_0.8_0_1.50_6.out,UNSATISFIABLE,50.4,UNSATISFIABLE,30.38,UNSATISFIABLE,58.19,UNSATISFIABLE,63.94,UNSATISFIABLE,45.48,UNSATISFIABLE,47.95,Selected
2b032f8a8976a302ad125eb50a3e8445-1-ZC-512-K-60.sanitized.out,SATISFIABLE,934.97,SATISFIABLE,484.61,SATISFIABLE,886.81,SATISFIABLE,341.34,SATISFIABLE,756.05,SATISFIABLE,650.22,Selected
2b043efb4bde6d83f7c95a8e8e2d7bf8-simon-r21-0.sanitized.out,SATISFIABLE,0.01,SATISFIABLE,0.01,SATISFIABLE,0.01,SATISFIABLE,0.01,SATISFIABLE,0.0,SATISFIABLE,0.0,Not Selected
2b60f9be1439f63b7f174c6b8ca7fedf-sgen1-unsat-121-100.out,UNKNOWN,3584.46,UNKNOWN,3583.76,UNKNOWN,3581.47,UNKNOWN,3582.03,UNKNOWN,3585.69,UNKNOWN,3584.05,Not Selected
2b8a711debc3a6edd01e7b4e305342d9-REGRandom-K4-L2-Seed35.sanitized.out,UNSATISFIABLE,3458.62,UNSATISFIABLE,2189.98,UNSATISFIABLE,1924.94,UNSATISFIABLE,1835.4,UNSATISFIABLE,1505.48,UNSATISFIABLE,1584.56,Selected
2c3c28f6d939d157e909c57a265fc908-mchess_17.out,UNKNOWN,3582.47,UNKNOWN,3586.81,UNKNOWN,3581.83,UNKNOWN,3583.98,UNKNOWN,3584.6,UNKNOWN,3582.59,Not Selected
2d6d26e1c5b4f2763c03697a6d00d3cf-fixedbandwidth-eq-31_shuffled.out,UNSATISFIABLE,2060.57,UNKNOWN,3585.42,UNSATISFIABLE,1938.48,UNSATISFIABLE,1985.6,UNSATISFIABLE,2668.92,UNSATISFIABLE,1869.19,Selected
2dd4b14a8a820e7baa073554ae2c6cb0-rphp_p8_r160.sanitized.out,UNKNOWN,3584.48,UNKNOWN,3586.48,UNKNOWN,3580.28,UNKNOWN,3585.85,UNKNOWN,3585.77,UNKNOWN,3585.05,Not Selected
2eb039a5aa6bfb6e41d3afd41071ca55-ER_500_30_3.apx_1_DC-ST.out,UNSATISFIABLE,424.2,UNSATISFIABLE,299.89,UNSATISFIABLE,367.72,UNSATISFIABLE,337.92,UNSATISFIABLE,274.86,UNSATISFIABLE,298.44,Selected
2fcd8533eba981967292f1b6e41f7433-simon-r20-0.sanitized.out,SATISFIABLE,0.0,SATISFIABLE,0.0,SATISFIABLE,0.01,SATISFIABLE,0.0,SATISFIABLE,0.0,SATISFIABLE,0.0,Not Selected
303480ca7e8322d771c94caf4ebd4e95-circuit_48in64out_with_700gates_4in4out_dist128_seed1.sanitized.out,SATISFIABLE,8.88,SATISFIABLE,13.38,SATISFIABLE,6.73,SATISFIABLE,10.89,SATISFIABLE,5.25,SATISFIABLE,7.14,Selected
305ad7d773d6c72be9b1efbf7bf482e0-asconhashv12_opt64_H9_M2-MIC4kfhiA_m0_6_U2.c.out,UNSATISFIABLE,675.57,UNSATISFIABLE,663.16,UNSATISFIABLE,718.58,UNSATISFIABLE,699.12,UNSATISFIABLE,634.82,UNSATISFIABLE,584.42,Selected
30f0db845937bbda3ffde60e5ed4cb3f-Folkman-190-66337703.sanitized.out,SATISFIABLE,280.12,SATISFIABLE,523.47,SATISFIABLE,298.22,SATISFIABLE,760.98,SATISFIABLE,658.76,SATISFIABLE,386.94,Selected
3129198788f182ce6955b18aa3c7e61e-simon-r24-1.sanitized.out,SATISFIABLE,0.01,SATISFIABLE,0.01,SATISFIABLE,0.01,SATISFIABLE,0.01,SATISFIABLE,0.01,SATISFIABLE,0.01,Not Selected
3184e52e950ac39095a801c418f68d50-mdp-28-10-unsat.out,UNSATISFIABLE,1163.02,UNSATISFIABLE,859.77,UNSATISFIABLE,1196.67,UNSATISFIABLE,1161.97,UNSATISFIABLE,1043.87,UNSATISFIABLE,1067.26,Selected
31bb67fe67e57dbeb8c4819b01892588-hwmcc17miters-xits-iso-oski15a08b08s.sanitized.out,UNSATISFIABLE,8.4,UNSATISFIABLE,8.26,UNSATISFIABLE,8.43,UNSATISFIABLE,8.23,UNSATISFIABLE,7.8,UNSATISFIABLE,7.88,Not Selected
31e788a12ddc8b43ec20e77d53abaa23-pcmax-scheduling-m40-26287-324155-SAT.sanitized.out,UNKNOWN,3580.58,UNKNOWN,3583.8,UNKNOWN,3575.28,UNKNOWN,3582.9,UNKNOWN,3573.5,UNKNOWN,3580.38,Not Selected
32585e66749f42e161e94fc49fd64750-pcmax-scheduling-m26-6398-62377-UNSAT.sanitized.out,UNSATISFIABLE,251.13,UNSATISFIABLE,172.21,UNSATISFIABLE,234.53,UNSATISFIABLE,154.25,UNSATISFIABLE,180.96,UNSATISFIABLE,211.35,Selected
334aa882de28856fc8c75885285d2a3c-HCP-446-105.out,SATISFIABLE,1943.0,UNKNOWN,3583.83,SATISFIABLE,2106.82,SATISFIABLE,2546.29,SATISFIABLE,1443.66,SATISFIABLE,1652.74,Selected
34fa0922e66aee3b6f6ffe1760f459d4-f9idw.out,UNSATISFIABLE,433.89,UNSATISFIABLE,684.75,UNSATISFIABLE,388.14,UNSATISFIABLE,453.4,UNSATISFIABLE,428.65,UNSATISFIABLE,347.15,Selected
35789168b67a74985804902008251269-tseitingrid6x200_shuffled.out,UNKNOWN,3583.83,UNKNOWN,3585.37,UNKNOWN,3582.52,UNKNOWN,3580.87,UNKNOWN,3587.08,UNKNOWN,3576.55,Not Selected
3593875d75d6e836a3ac328c5426c1b5-Break_18_32.xml.out,UNKNOWN,3583.4,SATISFIABLE,2705.87,UNKNOWN,3580.78,UNKNOWN,3582.33,UNKNOWN,3584.55,UNKNOWN,3581.3,Selected
36dbc206c7d9773bebb03f752070cee9-tseitin_grid_n11_m20.sanitized.out,UNKNOWN,3586.17,UNKNOWN,3586.22,UNKNOWN,3584.17,UNKNOWN,3585.52,UNKNOWN,3586.53,UNKNOWN,3565.56,Not Selected
37a11ae189df2834a3f294736f34608f-mdp-28-16-unsat.out,UNSATISFIABLE,1935.45,UNSATISFIABLE,1983.04,UNSATISFIABLE,2174.99,UNSATISFIABLE,2102.95,UNSATISFIABLE,1731.09,UNSATISFIABLE,1670.11,Selected
37ca184832fc6fa43a22ae900f1756a2-circuit_32in32out_with_350gates_6in6out_dist64_seed1.sanitized.out,SATISFIABLE,91.1,SATISFIABLE,102.02,SATISFIABLE,85.64,SATISFIABLE,96.8,SATISFIABLE,67.82,SATISFIABLE,91.6,Selected
385042a6042a0df5ddfec6e17f285ae7-lec_mult_CvD_11x11.sanitized.out,UNSATISFIABLE,983.13,UNSATISFIABLE,770.92,UNSATISFIABLE,896.81,UNSATISFIABLE,866.75,UNSATISFIABLE,726.18,UNSATISFIABLE,902.03,Selected
39277cab188349aee0f229cb7341b5c5-crafted_n12_d6_c4_num23.out,UNSATISFIABLE,291.15,UNSATISFIABLE,2274.14,UNSATISFIABLE,352.08,UNSATISFIABLE,357.77,UNSATISFIABLE,270.13,UNSATISFIABLE,370.03,Selected
396fd56f3fd7b85afbba4254ea6e746c-circuit_32in32out_with_80gates_7in7out_dist128_seed1.sanitized.out,SATISFIABLE,125.77,SATISFIABLE,617.2,SATISFIABLE,188.21,SATISFIABLE,140.07,SATISFIABLE,193.93,SATISFIABLE,154.19,Selected
3988a60c6e93167763c6fd2a347d5859-Break_08_24.xml.out,SATISFIABLE,0.46,SATISFIABLE,0.08,SATISFIABLE,0.11,SATISFIABLE,0.13,SATISFIABLE,0.11,SATISFIABLE,0.5,Not Selected
39fba35826ce8c87cd8e8de1969b2dd2-SGI_30_80_26_70_4-log.shuffled-as.sat03-208.out,UNKNOWN,3583.7,UNKNOWN,3583.96,UNKNOWN,3583.16,UNKNOWN,3583.75,UNKNOWN,3583.89,UNKNOWN,3575.39,Not Selected
3a75ad246dbc750a7391ad887c5b0835-x9-11093.sat.sanitized.out,SATISFIABLE,79.93,SATISFIABLE,58.16,SATISFIABLE,52.28,SATISFIABLE,51.42,SATISFIABLE,47.43,SATISFIABLE,67.42,Selected
3b59c5d9b6729f39c8483446701f4ed0-g2-T93.2.1.out,UNSATISFIABLE,891.11,UNSATISFIABLE,1118.3,UNSATISFIABLE,839.63,UNSATISFIABLE,880.37,UNSATISFIABLE,867.95,UNSATISFIABLE,726.78,Selected
3bf8ba6bb4e4ea9ad08b1b058661ba2e-summle_X4044_steps7_I1-2-2-4-4-8-25-100.out,SATISFIABLE,11.21,SATISFIABLE,13.93,SATISFIABLE,13.07,SATISFIABLE,17.67,SATISFIABLE,15.68,SATISFIABLE,11.32,Selected
3c6e1d1c4b8d3d08aa4c1df3805f4f7d-x9-10031.sat.sanitized.out,UNSATISFIABLE,398.98,UNSATISFIABLE,180.41,UNSATISFIABLE,333.01,UNSATISFIABLE,322.4,UNSATISFIABLE,253.86,UNSATISFIABLE,363.73,Selected
3ed56242f55e3653dbceeb4a70221787-rbsat-v945c61409gyes9-sc2009.out,SATISFIABLE,88.4,SATISFIABLE,82.51,SATISFIABLE,44.74,SATISFIABLE,31.66,SATISFIABLE,56.74,SATISFIABLE,10.98,Selected
4073757aae06fc2b50c043f088b132b4-simon-r19-1.sanitized.out,SATISFIABLE,0.0,SATISFIABLE,0.0,SATISFIABLE,0.0,SATISFIABLE,0.0,SATISFIABLE,0.0,SATISFIABLE,0.0,Not Selected
40737c2f46512069d54b0d2bb3b47a20-ER_400_20_4.apx_2_DC-AD.out,UNSATISFIABLE,453.25,UNSATISFIABLE,355.64,UNSATISFIABLE,481.06,UNSATISFIABLE,469.16,UNSATISFIABLE,353.3,UNSATISFIABLE,418.92,Selected
4106867bc76b8794330a205cf8a303ad-bvsub_19952.smt2.out,UNKNOWN,3583.01,UNKNOWN,3581.58,UNKNOWN,3580.51,UNKNOWN,3583.32,UNKNOWN,3578.72,UNKNOWN,3581.85,Not Selected
41f4cb4992a481c9d43e2e1a4e2349ac-sgen1-sat-180-100.out,SATISFIABLE,2380.83,SATISFIABLE,1146.48,SATISFIABLE,3270.16,SATISFIABLE,3130.29,UNKNOWN,3584.84,SATISFIABLE,2240.08,Selected
4214f45042f8c504f9837afaec88bf8f-ER_400_20_7.apx_2_DC-AD.out,UNKNOWN,3582.96,UNSATISFIABLE,2642.1,UNKNOWN,3581.95,UNKNOWN,3584.23,UNSATISFIABLE,2238.94,UNKNOWN,3583.1,Selected
425c81fc3af7f5124b6282583d80df11-mdp-32-12-unsat.out,UNKNOWN,3584.3,UNKNOWN,3585.92,UNKNOWN,3582.42,UNKNOWN,3583.63,UNKNOWN,3582.89,UNKNOWN,3582.99,Not Selected
43e492bccfd57029b758897b17d7f04f-pb_300_09_lb_07.out,SATISFIABLE,13.86,SATISFIABLE,5.22,SATISFIABLE,145.06,SATISFIABLE,41.51,SATISFIABLE,66.85,SATISFIABLE,41.88,Selected
44c25de7963c45e92a2407ad839f6e8b-Break_20_72.xml.out,UNKNOWN,3584.59,UNKNOWN,3581.89,UNKNOWN,3581.88,UNKNOWN,3583.89,UNKNOWN,3585.73,UNKNOWN,3578.18,Not Selected
44fd38bd0c5fc7336be468161dee4eda-post-cbmc-aes-ee-r3-noholes.out,UNSATISFIABLE,570.79,UNSATISFIABLE,1457.71,UNSATISFIABLE,601.04,UNSATISFIABLE,603.86,UNSATISFIABLE,460.85,UNSATISFIABLE,489.34,Selected
4517202fdd0ccc8a97d83684b021ea96-VanDerWaerden_2-3-14_186.out,UNKNOWN,3582.79,UNKNOWN,3580.77,UNKNOWN,3580.93,UNKNOWN,3580.83,UNKNOWN,3584.57,UNKNOWN,3581.66,Not Selected
45a09efb026036ff4b8d19024a7563a9-fermat-931960058139995587.out,UNKNOWN,3582.39,UNKNOWN,3582.94,UNKNOWN,3579.68,UNKNOWN,3582.79,UNKNOWN,3584.79,UNKNOWN,3580.96,Not Selected
461df1a7056560279d532bc2743022b6-Folkman-185-75415683.sanitized.out,SATISFIABLE,423.69,SATISFIABLE,502.69,SATISFIABLE,626.14,SATISFIABLE,642.33,SATISFIABLE,533.63,SATISFIABLE,548.89,Selected
462d72f9b78ab1cd080667ff12a114ac-lec_mult_CvK_12x12.sanitized.out,UNKNOWN,3584.48,UNKNOWN,3584.21,UNKNOWN,3581.94,UNKNOWN,3579.56,UNKNOWN,3584.69,UNKNOWN,3581.81,Not Selected
46d75199933980fdb856f13e5b1817dd-1-TC-256-K-64.sanitized.out,UNSATISFIABLE,1083.47,UNKNOWN,3582.71,UNSATISFIABLE,1200.42,UNSATISFIABLE,1424.66,UNSATISFIABLE,931.98,UNSATISFIABLE,897.84,Selected
475803537529d9d14a034957f48a6d38-x9-09076.sat.sanitized.out,UNSATISFIABLE,39.12,UNSATISFIABLE,31.81,UNSATISFIABLE,39.39,UNSATISFIABLE,38.2,UNSATISFIABLE,34.04,UNSATISFIABLE,35.97,Selected
479b1413f8bd1d6fc0723856ffca9792-constraints_18_0.4_2.sanitized.out,UNSATISFIABLE,819.44,UNSATISFIABLE,682.05,UNSATISFIABLE,624.35,UNSATISFIABLE,674.24,UNSATISFIABLE,483.6,UNSATISFIABLE,637.54,Selected
47e1ada0070708c2953d322c06aea00d-noL-11-8.sanitized.out,SATISFIABLE,2125.23,SATISFIABLE,292.27,SATISFIABLE,237.86,SATISFIABLE,125.69,SATISFIABLE,1986.98,SATISFIABLE,943.41,Selected
4a8285a53f30b35016b0c85ea17ba155-1-TC-256-K-68.sanitized.out,UNSATISFIABLE,171.51,UNSATISFIABLE,1094.51,UNSATISFIABLE,223.56,UNSATISFIABLE,194.95,UNSATISFIABLE,178.56,UNSATISFIABLE,138.67,Selected
4be4ae25aae88528bc10f8369bba86df-ER_400_20_4.apx_1_DC-AD.out,UNSATISFIABLE,497.53,UNSATISFIABLE,360.12,UNSATISFIABLE,487.65,UNSATISFIABLE,473.13,UNSATISFIABLE,427.03,UNSATISFIABLE,421.45,Selected
4c54efa61599e33d514bf718ff23ad09-lec_mult_CvK_12x11.sanitized.out,UNKNOWN,3581.0,UNKNOWN,3585.0,UNKNOWN,3582.02,UNKNOWN,3579.79,UNKNOWN,3584.84,UNKNOWN,3584.32,Not Selected
4d7f6efbae05b66ffbbd509a430d57f8-stb_418_125.apx_1_DC-ST.out,UNSATISFIABLE,685.75,UNSATISFIABLE,455.96,UNSATISFIABLE,651.08,UNSATISFIABLE,634.98,UNSATISFIABLE,542.82,UNSATISFIABLE,625.22,Selected
4e366e723d75fe39bf6db9a24ffb059b-Dodecahedron-k7.out,UNKNOWN,3579.78,UNKNOWN,3582.4,UNKNOWN,3579.17,UNKNOWN,3576.89,UNKNOWN,3585.77,UNKNOWN,3582.84,Not Selected
4f2d6659b5c9bf594ea12e3e1a85799f-mdp-32-11-unsat.out,UNKNOWN,3581.44,UNKNOWN,3581.42,UNKNOWN,3581.94,UNKNOWN,3571.43,UNKNOWN,3580.49,UNKNOWN,3548.33,Not Selected
50019e4419d48196bb4b95933a8b5030-noL-11-14.sanitized.out,SATISFIABLE,81.44,SATISFIABLE,52.3,SATISFIABLE,82.9,SATISFIABLE,82.52,SATISFIABLE,727.87,SATISFIABLE,103.44,Selected
511a2d81661a185c2115daec42270dec-circuit_32in32out_with_500gates_6in6out_dist64_seed1.sanitized.out,SATISFIABLE,195.47,SATISFIABLE,745.17,SATISFIABLE,212.28,SATISFIABLE,175.56,SATISFIABLE,176.03,SATISFIABLE,170.07,Selected
52aaf653a79ca14fa1127cda32aa94ce-noL-11-10.sanitized.out,SATISFIABLE,503.05,SATISFIABLE,204.14,SATISFIABLE,109.5,SATISFIABLE,108.71,SATISFIABLE,127.02,SATISFIABLE,189.33,Selected
5411047bc24f4321f0e490e01e4a0910-goldcrest-and-9.out,UNSATISFIABLE,146.62,UNSATISFIABLE,475.04,UNSATISFIABLE,239.87,UNSATISFIABLE,232.72,UNSATISFIABLE,160.95,UNSATISFIABLE,189.58,Selected
5432e4dd44480fadbd66647db1750c80-pcmax-scheduling-m24-24102-255206-SAT.sanitized.out,UNKNOWN,3579.37,UNKNOWN,3581.54,UNKNOWN,3579.11,UNKNOWN,3575.26,UNKNOWN,3583.86,UNKNOWN,3582.28,Not Selected
543e67dd5abc272c37775b1b742a1d9a-qwh.60.1728.shuffled-as.sat03-1659.out,SATISFIABLE,39.62,SATISFIABLE,50.24,SATISFIABLE,202.87,SATISFIABLE,108.56,SATISFIABLE,1386.16,SATISFIABLE,26.67,Selected
54c2da6d387a6f5ad6e014ae4d4decfc-x9-10038.sat.sanitized.out,SATISFIABLE,210.3,SATISFIABLE,62.01,SATISFIABLE,206.96,SATISFIABLE,198.35,SATISFIABLE,133.01,SATISFIABLE,192.46,Selected
55199d55fa9c3751a525d6c0a0e649bd-WS_500_16_90_70.apx_2_DC-AD.out,UNSATISFIABLE,406.93,UNSATISFIABLE,415.53,UNSATISFIABLE,480.48,UNSATISFIABLE,470.31,UNSATISFIABLE,380.09,UNSATISFIABLE,460.17,Selected
556cf803f9de4b2ec688825b5ff7e325-tseitin_d3_n174.sanitized.out,UNKNOWN,3580.44,UNKNOWN,3588.27,UNKNOWN,3581.49,UNKNOWN,3573.17,UNKNOWN,3586.71,UNKNOWN,3583.3,Not Selected
5690b9b0380aa9508699e56cae5918b5-170058440.out,SATISFIABLE,421.19,SATISFIABLE,914.47,SATISFIABLE,1539.28,SATISFIABLE,1540.01,SATISFIABLE,918.09,SATISFIABLE,319.14,Selected
573cc82ec61e01fd6e6308493ee56289-linked_list_swap_contents_safety_unwind80.out,UNSATISFIABLE,349.44,UNSATISFIABLE,165.84,UNSATISFIABLE,199.97,UNSATISFIABLE,227.36,UNSATISFIABLE,164.39,UNSATISFIABLE,205.78,Selected
576ebc1333f2c466c2dec98792721e1f-j3037_9_rggt_b.out,SATISFIABLE,68.94,SATISFIABLE,255.64,SATISFIABLE,469.54,SATISFIABLE,165.09,UNKNOWN,3573.06,SATISFIABLE,42.6,Selected
57f4ea7ab160d996e38e69fac59869c4-x9-09047.sat.sanitized.out,UNSATISFIABLE,31.15,UNSATISFIABLE,32.61,UNSATISFIABLE,35.92,UNSATISFIABLE,34.3,UNSATISFIABLE,32.16,UNSATISFIABLE,36.78,Selected
5865fb9a6575d2ae6542c36ab96646a9-x9-11088.sat.sanitized.out,SATISFIABLE,481.74,SATISFIABLE,72.33,SATISFIABLE,333.8,SATISFIABLE,325.77,SATISFIABLE,311.21,SATISFIABLE,605.15,Selected
5952b9f18b73dabb531c60e3ac85d26f-ctl_4291_567_9_unsat.out,UNSATISFIABLE,702.83,UNSATISFIABLE,755.28,UNSATISFIABLE,850.21,UNSATISFIABLE,893.98,UNSATISFIABLE,470.03,UNSATISFIABLE,759.72,Selected
59825ed96dc3bbdbd8789a4870b323ec-hcp_CP18_18.out,SATISFIABLE,2827.6,SATISFIABLE,1442.06,UNKNOWN,3580.56,SATISFIABLE,1613.39,UNKNOWN,3584.64,SATISFIABLE,148.94,Selected
5a068ba62fe30e435a76e2ec80896ef4-ITC2021_Middle_1.xml.out,UNKNOWN,3579.96,UNKNOWN,3582.94,UNKNOWN,3580.12,UNKNOWN,3572.68,UNKNOWN,3583.47,UNKNOWN,3573.39,Not Selected
5ab3040d8617bf9f4d4cef4e56dcfd03-g2-hwmcc15deep-6s161-k17.out,UNSATISFIABLE,1211.2,UNSATISFIABLE,3522.29,UNSATISFIABLE,1287.67,UNSATISFIABLE,1287.23,UNSATISFIABLE,1181.74,UNSATISFIABLE,1071.29,Selected
5b0f16de2c5419b80b608db37d07d994-lec_mult_KvW_11x10.sanitized.out,UNSATISFIABLE,814.83,UNSATISFIABLE,536.81,UNSATISFIABLE,815.58,UNSATISFIABLE,803.27,UNSATISFIABLE,833.81,UNSATISFIABLE,774.15,Selected
5b5dfab02ce5c12a50be3bc7d7cc42c7-pcmax-scheduling-m15-2352-13561-SAT.sanitized.out,UNKNOWN,3579.25,UNKNOWN,3584.18,UNKNOWN,3581.6,UNKNOWN,3573.66,UNKNOWN,3586.47,SATISFIABLE,919.02,Selected
5cb1ca8fe8a9d9125ea9accd498445f1-stb_531_83.apx_1_DC-ST.out,UNSATISFIABLE,386.3,UNSATISFIABLE,233.26,UNSATISFIABLE,377.7,UNSATISFIABLE,368.15,UNSATISFIABLE,269.08,UNSATISFIABLE,350.47,Selected
5e1c11b77cdf3717b81b957120f0f477-x9-12001.sat.sanitized.out,SATISFIABLE,1597.23,SATISFIABLE,18.81,SATISFIABLE,244.29,SATISFIABLE,237.66,SATISFIABLE,807.43,SATISFIABLE,1440.01,Selected
5e5fe73a2e0ffc8e19873298566919fb-rbsat-v760c43649gyes3.out,SATISFIABLE,1187.8,SATISFIABLE,935.24,SATISFIABLE,3011.95,SATISFIABLE,2323.43,UNKNOWN,3582.67,SATISFIABLE,96.09,Selected
5ea72bcdccc86bd1a924029f7b81aec5-atco_enc1_opt1_10_15.out,SATISFIABLE,169.28,SATISFIABLE,185.05,SATISFIABLE,201.47,SATISFIABLE,132.52,SATISFIABLE,115.31,SATISFIABLE,215.59,Selected
5ee7de2bd112aa39485e79c9d487bf8f-simon-r23-1.sanitized.out,SATISFIABLE,0.01,SATISFIABLE,0.0,SATISFIABLE,0.01,SATISFIABLE,0.01,SATISFIABLE,0.01,SATISFIABLE,0.0,Not Selected
6008b958ff6877f32c26b72728df4523-linked_list_swap_contents_safety_unwind76.out,UNSATISFIABLE,960.45,UNSATISFIABLE,218.59,UNSATISFIABLE,216.12,UNSATISFIABLE,140.11,UNSATISFIABLE,559.77,UNSATISFIABLE,162.15,Selected
6077d4e5f755124ddc84068d6ccb630f-Nb44T6.out,UNKNOWN,3580.82,UNKNOWN,3580.56,UNKNOWN,3579.99,UNKNOWN,3576.11,UNKNOWN,3583.46,UNKNOWN,3581.62,Not Selected
61069e0e3339af80000b774a041b7d96-constraints_18_0.3_2.sanitized.out,UNSATISFIABLE,414.29,UNSATISFIABLE,692.32,UNSATISFIABLE,450.53,UNSATISFIABLE,471.0,UNSATISFIABLE,317.7,UNSATISFIABLE,423.93,Selected
62dcbf79f5ecef5618c9d9a00311326c-pcmax-scheduling-m13-1655-9604-UNSAT.sanitized.out,UNSATISFIABLE,720.89,UNSATISFIABLE,746.83,UNSATISFIABLE,716.23,UNSATISFIABLE,701.77,UNSATISFIABLE,567.45,UNSATISFIABLE,632.35,Selected
634a271f5fe339007a186539d615e92f-noL-11-4.sanitized.out,SATISFIABLE,3468.18,SATISFIABLE,256.11,SATISFIABLE,774.31,SATISFIABLE,476.97,SATISFIABLE,978.52,SATISFIABLE,2037.31,Selected
63732c330adb8de8dd47ce1693b86d0e-FmlaEquivChain_4_8_8.sanitized.out,UNSATISFIABLE,3184.2,UNKNOWN,3580.6,UNSATISFIABLE,3070.91,UNKNOWN,3579.93,UNSATISFIABLE,3104.47,UNKNOWN,3580.81,Selected
6543793076c30fc7cdfa5a3c819cedc7-oisc-subrv-sll-nested-11.out,UNSATISFIABLE,1972.64,UNSATISFIABLE,2567.32,UNSATISFIABLE,2001.06,UNSATISFIABLE,1991.17,UNSATISFIABLE,1675.17,UNSATISFIABLE,1850.15,Selected
65c5a5d228ec5e52d1a72f918086f584-32_100.sanitized.out,SATISFIABLE,74.45,SATISFIABLE,74.79,SATISFIABLE,75.67,SATISFIABLE,74.53,SATISFIABLE,69.89,SATISFIABLE,69.43,Selected
67b4844c4bfbaf961cbbd79b953aa5c2-stb_588_138.apx_1_DC-AD.out,UNSATISFIABLE,779.49,UNSATISFIABLE,671.92,UNSATISFIABLE,799.75,UNSATISFIABLE,715.75,UNSATISFIABLE,606.62,UNSATISFIABLE,718.65,Selected
67c533489a498495525efee429340958-cliquecolouring_n15_k9_c8.sanitized.out,UNKNOWN,3583.73,UNKNOWN,3584.88,UNKNOWN,3577.14,UNKNOWN,3579.08,UNKNOWN,3580.67,UNKNOWN,3582.66,Not Selected
695e287a447fcdd924985a6e73057a38-rbsat-v1150c84314gyes1.out,UNKNOWN,3582.51,UNKNOWN,3583.79,UNKNOWN,3581.9,UNKNOWN,3581.36,UNKNOWN,3584.45,UNKNOWN,3583.1,Not Selected
6969c86fbc5814332ab8615031334fa8-asconhashv12_opt64_H11_M2-fCHjS2L0du5_m2_4.c.out,SATISFIABLE,476.86,SATISFIABLE,330.12,SATISFIABLE,423.61,SATISFIABLE,11.01,SATISFIABLE,514.31,SATISFIABLE,375.81,Selected
697c96ac45534726c7dbd96faa11a86a-x9-11094.sat.sanitized.out,SATISFIABLE,592.46,SATISFIABLE,116.58,SATISFIABLE,613.33,SATISFIABLE,597.6,SATISFIABLE,476.25,SATISFIABLE,542.82,Selected
69e34d0f49c71a7e145d8104ebe0273f-sokoban-p16.sas.ex.15-sc2016.out,UNSATISFIABLE,1289.88,UNSATISFIABLE,2873.29,UNSATISFIABLE,1083.54,UNSATISFIABLE,1055.36,UNSATISFIABLE,827.83,UNSATISFIABLE,1066.25,Selected
6a674acad2aeac729ecb39ad9e4a2298-1-ZC-1024-K-116.sanitized.out,UNKNOWN,3582.36,UNKNOWN,3582.84,UNKNOWN,3580.94,UNKNOWN,3578.76,UNKNOWN,3578.77,UNKNOWN,3581.31,Not Selected
6add7e416c1126607afeb2666af330ac-constraints_16_0.5_1.sanitized.out,UNSATISFIABLE,115.32,UNSATISFIABLE,120.73,UNSATISFIABLE,138.88,UNSATISFIABLE,107.09,UNSATISFIABLE,116.98,UNSATISFIABLE,100.75,Selected
6c52aca5b5fd284bf1940b84df90a367-1-TC-256-K-71.sanitized.out,UNSATISFIABLE,73.12,UNSATISFIABLE,1078.55,UNSATISFIABLE,129.07,UNSATISFIABLE,115.22,UNSATISFIABLE,98.0,UNSATISFIABLE,125.74,Selected
6f0e236c999de0a5e3c46fd3463b1d0d-rook-56-1-1.out,UNSATISFIABLE,1108.99,UNKNOWN,3583.24,UNSATISFIABLE,1148.25,UNSATISFIABLE,1008.22,UNSATISFIABLE,953.63,UNSATISFIABLE,867.31,Selected
6f4df706246d29bf38adadd274fadab3-SGI_30_60_19_60_6-dir.shuffled-as.sat03-112.out,UNSATISFIABLE,1236.0,UNSATISFIABLE,2334.43,UNSATISFIABLE,1677.69,UNSATISFIABLE,1641.76,UNSATISFIABLE,1200.56,UNSATISFIABLE,1476.17,Selected
6f7a0e1cf94b6b26eafc08a827a692ce-circuit_64in64out_with_64gates_8in5out_dist256_seed1.sanitized.out,SATISFIABLE,52.07,SATISFIABLE,49.94,SATISFIABLE,57.45,SATISFIABLE,55.75,SATISFIABLE,43.15,SATISFIABLE,31.53,Selected
6fc528fc3d0fd5a2c50992feb8bf0357-pcmax-scheduling-m24-17855-226744-SAT.sanitized.out,UNKNOWN,3582.95,UNKNOWN,3583.25,UNKNOWN,3581.18,UNKNOWN,3579.09,UNKNOWN,3584.96,UNKNOWN,3581.79,Not Selected
7083b70c1976162e2693d7a493717ffd-battleship-14-26-sat.out,SATISFIABLE,63.38,SATISFIABLE,1.89,SATISFIABLE,14.95,SATISFIABLE,14.6,SATISFIABLE,55.67,SATISFIABLE,58.43,Selected
70bfbd054dc9ffd394fab32845b492d3-circuit_32in32out_with_100gates_7in7out_dist64_seed2.sanitized.out,SATISFIABLE,102.56,SATISFIABLE,117.5,SATISFIABLE,111.16,SATISFIABLE,110.19,SATISFIABLE,97.47,SATISFIABLE,106.57,Selected
70ef2b6bdc4101a0e35cf3d165571fe3-qwh.50.1250.shuffled-as.sat03-1655.out,SATISFIABLE,17.77,SATISFIABLE,12.48,SATISFIABLE,14.87,SATISFIABLE,22.67,SATISFIABLE,23.9,SATISFIABLE,15.01,Selected
71a3dd6156463c0c55c4b38394faa753-af-synthesis_stb_50_120_4_sat.out,SATISFIABLE,434.52,SATISFIABLE,193.73,SATISFIABLE,109.82,SATISFIABLE,229.74,SATISFIABLE,314.79,SATISFIABLE,231.51,Selected
71ec94c233016219e12d671594dc88e5-circuit_32in32out_with_70gates_7in7out_dist128_seed1.sanitized.out,SATISFIABLE,313.18,SATISFIABLE,169.59,SATISFIABLE,182.02,SATISFIABLE,616.51,SATISFIABLE,326.16,SATISFIABLE,355.17,Selected
72c0d81e16d91bcaed808efcde2e5069-Folkman-175-1251868.sanitized.out,SATISFIABLE,92.31,SATISFIABLE,105.97,SATISFIABLE,88.47,SATISFIABLE,93.46,SATISFIABLE,136.12,SATISFIABLE,76.49,Selected
7429e380834066c206394139c9e1e17d-af-synthesis_stb_50_100_9_sat.out,SATISFIABLE,149.97,SATISFIABLE,442.46,SATISFIABLE,5.8,SATISFIABLE,40.99,SATISFIABLE,123.82,SATISFIABLE,21.82,Selected
74f145bb935650f5c982d7eec6967945-pcmax-scheduling-m43-38782-385402-SAT.sanitized.out,UNKNOWN,3582.27,UNKNOWN,3584.35,UNKNOWN,3581.43,UNKNOWN,3580.23,UNKNOWN,3585.5,UNKNOWN,3581.79,Not Selected
761651d4b6454108403bdefe22720fb3-constraints_18_0.5_2.sanitized.out,UNSATISFIABLE,847.96,UNSATISFIABLE,965.44,UNSATISFIABLE,774.54,UNSATISFIABLE,1030.02,UNSATISFIABLE,392.45,UNSATISFIABLE,618.81,Selected
768956cc8d1f2d18ae1929f6bb26557a-cliquecolouring_n13_k8_c7.sanitized.out,UNKNOWN,3584.71,UNKNOWN,3584.7,UNKNOWN,3582.67,UNKNOWN,3582.35,UNSATISFIABLE,2982.74,UNKNOWN,3566.99,Selected
773f3bd29e202ff700d8b5b459857a2c-Folkman-175-9054056.sanitized.out,SATISFIABLE,165.44,SATISFIABLE,126.69,SATISFIABLE,96.49,SATISFIABLE,160.52,SATISFIABLE,415.37,SATISFIABLE,173.15,Selected
778e0fd8f034b7cfd539b1b523ed4c4a-lec_mult_CvW_12x12.sanitized.out,UNKNOWN,3582.38,UNKNOWN,3582.96,UNKNOWN,3581.33,UNKNOWN,3581.01,UNKNOWN,3584.24,UNKNOWN,3581.05,Not Selected
77b7f7bbf75faaee28f473b9941de103-Folkman-185-19924337.sanitized.out,SATISFIABLE,270.74,SATISFIABLE,335.16,SATISFIABLE,93.77,SATISFIABLE,157.69,SATISFIABLE,617.41,SATISFIABLE,381.24,Selected
792495b57d6145fd21d7076eab2ab06a-grs-64-64.out,UNSATISFIABLE,379.02,UNSATISFIABLE,1128.01,UNSATISFIABLE,334.6,UNSATISFIABLE,408.09,UNSATISFIABLE,367.51,UNSATISFIABLE,302.29,Selected
79b9e24dd9af185dbec18c9b0a32b1e2-g2-slp-synthesis-aes-top30.out,SATISFIABLE,41.07,SATISFIABLE,66.38,SATISFIABLE,71.01,SATISFIABLE,23.34,SATISFIABLE,86.94,SATISFIABLE,58.35,Selected
7ac7fabd8c078aea420087a0c80e5563-circuit_32in32out_with_400gates_6in6out_dist64_seed1.sanitized.out,SATISFIABLE,106.31,SATISFIABLE,188.37,SATISFIABLE,116.84,SATISFIABLE,103.96,SATISFIABLE,82.51,SATISFIABLE,93.88,Selected
7b48f9354d25521bd542d859c0ecdde9-hwmcc17miters-xits-iso-oski15a08b00s.sanitized.out,UNSATISFIABLE,8.37,UNSATISFIABLE,8.44,UNSATISFIABLE,8.33,UNSATISFIABLE,8.33,UNSATISFIABLE,7.15,UNSATISFIABLE,7.52,Not Selected
7b9d8b9b31b530effd634f5a8f1f4411-stb_531_83.apx_2_DC-ST.out,UNSATISFIABLE,317.61,UNSATISFIABLE,242.49,UNSATISFIABLE,294.5,UNSATISFIABLE,283.45,UNSATISFIABLE,233.14,UNSATISFIABLE,294.5,Selected
7cbc3ce2052ba7c5b501f75af58ab3c4-simon-r22-1.sanitized.out,SATISFIABLE,0.0,SATISFIABLE,0.01,SATISFIABLE,0.01,SATISFIABLE,0.01,SATISFIABLE,0.01,SATISFIABLE,0.0,Not Selected
7db30d12cb06f0dc2f30abff80d96d6a-two-trees-1023v.sanitized.out,UNKNOWN,3582.27,UNKNOWN,3584.11,UNKNOWN,3582.12,UNKNOWN,3581.56,UNKNOWN,3585.14,UNKNOWN,3580.26,Not Selected
7dc0e1b5fedbd8351907f1316b58e68f-1-ZC-512-K-65.sanitized.out,UNKNOWN,3584.56,UNKNOWN,3584.2,UNKNOWN,3582.14,UNKNOWN,3582.08,UNKNOWN,3584.13,UNKNOWN,3562.88,Not Selected
7e1d279559b202016e5797901e731a39-simon-r25-0.sanitized.out,SATISFIABLE,0.01,SATISFIABLE,0.0,SATISFIABLE,0.01,SATISFIABLE,0.01,SATISFIABLE,0.01,SATISFIABLE,0.01,Not Selected
7f1c7da531539f3be4a1e0e916913086-pcmax-scheduling-m19-2974-16501-UNSAT.sanitized.out,UNSATISFIABLE,135.29,UNSATISFIABLE,112.11,UNSATISFIABLE,101.78,UNSATISFIABLE,71.74,UNSATISFIABLE,98.42,UNSATISFIABLE,124.29,Selected
7f2b4b2bde9b866b93fbfe01341213da-asconhashv12_opt64_H5_M2-xEJ8F_m0_3_U5.c.out,UNSATISFIABLE,242.81,UNSATISFIABLE,259.09,UNSATISFIABLE,288.35,UNSATISFIABLE,250.1,UNSATISFIABLE,213.77,UNSATISFIABLE,248.88,Selected
7f7109dce621ef361a72b3e8cee9a962-Break_unsat_06_07.xml.out,UNSATISFIABLE,1.97,UNSATISFIABLE,0.95,UNSATISFIABLE,1.45,UNSATISFIABLE,1.39,UNSATISFIABLE,0.66,UNSATISFIABLE,1.84,Not Selected
7fb202a51c0223f3119887a57086ca4d-x9-09051.sat.sanitized.out,UNSATISFIABLE,55.83,UNSATISFIABLE,39.2,UNSATISFIABLE,56.92,UNSATISFIABLE,54.58,UNSATISFIABLE,47.16,UNSATISFIABLE,51.53,Selected
7fca438c38e5b7a70e38778ec146cfe0-ctl_4291_567_2_unsat-sc2013.out,UNSATISFIABLE,1924.42,UNSATISFIABLE,1271.55,UNSATISFIABLE,2052.91,UNSATISFIABLE,2090.53,UNSATISFIABLE,1452.21,UNSATISFIABLE,1558.8,Selected
812926407774771b3bd9885f7bfa4841-lru_9.sanitized.out,SATISFIABLE,77.53,SATISFIABLE,75.86,SATISFIABLE,78.53,SATISFIABLE,77.23,SATISFIABLE,59.94,SATISFIABLE,70.77,Selected
82d9e8d2cfea101dfe52c8359b7bb163-af-synthesis_stb_50_40_2_unsat.out,UNSATISFIABLE,484.67,UNSATISFIABLE,588.17,UNSATISFIABLE,499.16,UNSATISFIABLE,435.77,UNSATISFIABLE,330.84,UNSATISFIABLE,436.12,Selected
83b330c934d6dd35d56e1b1ca3638b3c-j3037_1_mdd_b.out,SATISFIABLE,38.4,SATISFIABLE,12.37,SATISFIABLE,60.24,SATISFIABLE,72.91,SATISFIABLE,207.05,SATISFIABLE,191.49,Selected
83dc8f675657b3e6d148ef5cf897fb82-openstacks-sequencedstrips-nonadl-nonnegated-os-sequencedstrips-p30_3.025-NOTKNOWN.out,UNSATISFIABLE,2415.27,UNKNOWN,3583.91,UNSATISFIABLE,2588.7,UNSATISFIABLE,2595.72,UNSATISFIABLE,2555.76,UNSATISFIABLE,2009.82,Selected
84c6d7e4a18aacf166105aaa3cd6e3de-128_100.sanitized.out,SATISFIABLE,349.1,SATISFIABLE,346.51,SATISFIABLE,348.81,SATISFIABLE,347.96,SATISFIABLE,322.94,SATISFIABLE,321.56,Selected
8530c911b75ab1b276042043d118a875-constraints_16_0.4_1.sanitized.out,UNSATISFIABLE,114.92,UNSATISFIABLE,73.92,UNSATISFIABLE,125.64,UNSATISFIABLE,114.38,UNSATISFIABLE,87.74,UNSATISFIABLE,96.68,Selected
8704094951693f99fd21403a039c8131-mchess_16.out,UNSATISFIABLE,656.69,UNSATISFIABLE,615.61,UNSATISFIABLE,662.26,UNSATISFIABLE,642.99,UNSATISFIABLE,504.69,UNSATISFIABLE,543.45,Selected
878bcc11e1e243680f7946bcf428f465-linked_list_swap_contents_safety_unwind45.out,UNSATISFIABLE,95.76,UNSATISFIABLE,80.87,UNSATISFIABLE,90.97,UNSATISFIABLE,90.26,UNSATISFIABLE,78.34,UNSATISFIABLE,83.86,Selected
88d151d4e3c6ba9bd78454de141cd108-T105.2.0.out,UNSATISFIABLE,560.25,UNSATISFIABLE,677.6,UNSATISFIABLE,495.73,UNSATISFIABLE,480.12,UNSATISFIABLE,657.68,UNSATISFIABLE,496.66,Selected
88e89266e58f1f125ebc4e0f66e2c060-32_200.sanitized.out,SATISFIABLE,157.24,SATISFIABLE,157.6,SATISFIABLE,160.07,SATISFIABLE,157.53,SATISFIABLE,147.87,SATISFIABLE,146.69,Selected
8942dca5dc0876fc3f723f738d72de1c-circuit_32in32out_with_64gates_8in6out_dist128_seed2.sanitized.out,SATISFIABLE,2841.03,SATISFIABLE,121.95,SATISFIABLE,869.34,SATISFIABLE,3030.32,SATISFIABLE,2931.16,SATISFIABLE,2270.1,Selected
897acc1858ce0887f286aba5c0d56d71-Nb13T165.out,UNKNOWN,3580.31,UNKNOWN,3581.09,UNKNOWN,3579.38,UNKNOWN,3578.06,UNKNOWN,3583.06,UNKNOWN,3581.6,Not Selected
8b18bb75459a4161633ba2a3c8ee183e-x9-11062.sat.sanitized.out,SATISFIABLE,197.78,SATISFIABLE,33.53,SATISFIABLE,238.55,SATISFIABLE,232.68,SATISFIABLE,72.7,SATISFIABLE,181.54,Selected
8b31606e10656ff7eb2936262b647443-stable-300-0.1-20-98765432130020.out,SATISFIABLE,91.32,SATISFIABLE,85.01,SATISFIABLE,117.65,SATISFIABLE,114.17,SATISFIABLE,63.78,SATISFIABLE,26.85,Selected
8b91c5bf4dfd87ffb46c5ef88a3ef1cd-lec_mult_DvW_12x11.sanitized.out,UNKNOWN,3583.43,UNKNOWN,3583.94,UNKNOWN,3582.5,UNKNOWN,3581.68,UNSATISFIABLE,3516.29,UNSATISFIABLE,3410.38,Selected
8bf63d50ebdb645b75a24370b8f94d31-sokoban-p20.sas.cr.25.out,UNKNOWN,3582.9,UNKNOWN,3583.39,UNKNOWN,3581.04,UNKNOWN,3580.49,UNSATISFIABLE,3479.4,UNKNOWN,3583.0,Selected
8d2dfc50c1759dc11a6564d5c368c6df-FmlaImplyChain_3_7_8.sanitized.out,UNKNOWN,3583.63,UNKNOWN,3585.52,UNKNOWN,3581.83,UNKNOWN,3577.64,UNKNOWN,3585.92,UNKNOWN,3583.21,Not Selected
8d4b50ec0cf99097e9ab0835937afee5-hwmcc17miters-xits-iso-6s281b35.sanitized.out,UNSATISFIABLE,11.28,UNSATISFIABLE,10.72,UNSATISFIABLE,10.84,UNSATISFIABLE,10.54,UNSATISFIABLE,10.08,UNSATISFIABLE,9.93,Selected
8e720686372c5037f30b4fc7b1c71d48-constraints_17_0.4_1.sanitized.out,SATISFIABLE,13.2,SATISFIABLE,39.98,SATISFIABLE,23.2,SATISFIABLE,14.07,SATISFIABLE,23.06,SATISFIABLE,12.34,Selected
8ffd718f763ed7a3f691cf46e57f8d98-mdp-32-10-sat.out,SATISFIABLE,89.69,UNKNOWN,3584.01,SATISFIABLE,3377.97,SATISFIABLE,3362.85,SATISFIABLE,1860.21,SATISFIABLE,82.19,Selected
907e7dc703e16ad2c7e56a33fe3b3e5f-manol-pipe-g10bid_i.out,UNSATISFIABLE,252.64,UNSATISFIABLE,954.62,UNSATISFIABLE,326.25,UNSATISFIABLE,257.48,UNSATISFIABLE,259.16,UNSATISFIABLE,310.25,Selected
912ce8c21d8fb8abc491cb205ec23e9f-hwmcc20miters-iso-mul2.sanitized.out,UNSATISFIABLE,0.42,UNSATISFIABLE,0.41,UNSATISFIABLE,0.43,UNSATISFIABLE,0.41,UNSATISFIABLE,0.33,UNSATISFIABLE,0.38,Not Selected
915a25bd189357e4c6d7771b69a6849f-x9-09004.sat.sanitized.out,UNSATISFIABLE,72.75,UNSATISFIABLE,51.57,UNSATISFIABLE,56.68,UNSATISFIABLE,55.06,UNSATISFIABLE,42.15,UNSATISFIABLE,66.99,Selected
91e0db01b254eb78f6643328045bfeb9-sted5_0x1e3-20.out,UNKNOWN,3581.72,UNKNOWN,3582.1,UNKNOWN,3580.63,UNKNOWN,3579.81,UNKNOWN,3579.84,UNKNOWN,3582.03,Not Selected
9276ce38c625b2d00de247f8588f1542-combined-crypto1-wff-seed-102-wffvars-500-cryptocplx-31-overlap-2.out,SATISFIABLE,986.22,SATISFIABLE,81.85,SATISFIABLE,18.19,SATISFIABLE,17.69,SATISFIABLE,1596.75,SATISFIABLE,1547.09,Selected
94571e8a1081385029d1ecd53ffcdf8e-af-synthesis_stb_50_200_0_unsat.out,UNSATISFIABLE,977.81,UNSATISFIABLE,975.31,UNSATISFIABLE,1018.28,UNSATISFIABLE,1128.32,UNSATISFIABLE,686.81,UNSATISFIABLE,858.09,Selected
94dd280b1562ee7dae44b303b8fed233-Break_unsat_18_31.xml.out,UNKNOWN,3581.54,UNKNOWN,3581.91,UNKNOWN,3580.15,UNKNOWN,3580.05,UNKNOWN,3583.91,UNKNOWN,3582.34,Not Selected
96a6796405061571e12d383efe27b703-WS_500_16_70_10.apx_1_DC-ST.out,UNSATISFIABLE,430.49,UNSATISFIABLE,367.73,UNSATISFIABLE,421.25,UNSATISFIABLE,412.05,UNSATISFIABLE,304.46,UNSATISFIABLE,393.17,Selected
973d699ec01b88da869233a79aaa1912-cliquecolouring_n13_k9_c8.sanitized.out,UNKNOWN,3584.09,UNKNOWN,3585.28,UNSATISFIABLE,2831.34,UNSATISFIABLE,2840.66,UNKNOWN,3582.7,UNKNOWN,3583.45,Selected
9777418f75e1dfbd7d34e9b0ba4bf0b5-grs-64-128.out,UNSATISFIABLE,1096.62,UNKNOWN,3583.37,UNSATISFIABLE,1963.33,UNSATISFIABLE,1345.39,UNSATISFIABLE,1467.79,UNSATISFIABLE,1763.14,Selected
994783ef4ed3a0366842e1b6f9128a6f-noL-11-6.sanitized.out,SATISFIABLE,416.02,SATISFIABLE,2617.57,SATISFIABLE,2121.88,SATISFIABLE,765.63,UNKNOWN,3584.34,SATISFIABLE,276.34,Selected
9a06700729bf3426beb8a62040f92960-mdp-36-12-unsat.out,UNKNOWN,3583.62,UNKNOWN,3585.21,UNKNOWN,3582.52,UNKNOWN,3581.29,UNKNOWN,3584.84,UNKNOWN,3583.84,Not Selected
9cd3acdb765c15163bc239ae3a57f880-FmlaEquivChain_4_6_6.sanitized.out,UNSATISFIABLE,54.99,UNSATISFIABLE,22.54,UNSATISFIABLE,38.47,UNSATISFIABLE,48.61,UNSATISFIABLE,40.2,UNSATISFIABLE,37.96,Selected
9d9c4fa425282759eb9e98b82fb5f56e-x9-12087.sat.sanitized.out,SATISFIABLE,461.43,SATISFIABLE,148.58,SATISFIABLE,334.04,SATISFIABLE,311.56,SATISFIABLE,992.04,SATISFIABLE,388.36,Selected
9dcbf221b8d2bb01f30bcca283f3608d-EDP3-11000.out,SATISFIABLE,134.22,SATISFIABLE,41.19,SATISFIABLE,93.03,SATISFIABLE,123.43,SATISFIABLE,350.19,SATISFIABLE,134.59,Selected
9e6c2e7b0d6f58e449716deb9305525a-circuit_32in32out_with_96gates_7in7out_dist128_seed1.sanitized.out,SATISFIABLE,1607.67,SATISFIABLE,446.02,SATISFIABLE,2084.96,SATISFIABLE,2247.07,SATISFIABLE,2459.03,SATISFIABLE,2352.04,Selected
9e749596a8de36d8ab706c96cf128455-WS_500_16_70_10.apx_2_DC-AD.out,UNSATISFIABLE,747.54,UNSATISFIABLE,599.21,UNSATISFIABLE,750.9,UNSATISFIABLE,737.97,UNSATISFIABLE,405.35,UNSATISFIABLE,702.63,Selected
9e85aad5707405fb349c6c5548040cf4-pcmax-scheduling-m35-32274-371389-SAT.sanitized.out,UNKNOWN,3582.86,UNKNOWN,3584.58,UNKNOWN,3576.0,UNKNOWN,3581.97,UNKNOWN,3584.63,UNKNOWN,3569.11,Not Selected
a08e66296d00f480e9ccadd79fa8b904-j3045_4_gmto_b.out,SATISFIABLE,849.18,SATISFIABLE,361.11,SATISFIABLE,941.68,SATISFIABLE,221.02,SATISFIABLE,883.05,SATISFIABLE,17.05,Selected
a14d9ee17051ec08a4334ba43089502c-64_200.sanitized.out,SATISFIABLE,298.27,SATISFIABLE,295.55,SATISFIABLE,300.85,SATISFIABLE,296.41,SATISFIABLE,281.51,SATISFIABLE,275.51,Selected
a38affaa741c958fc32769d5fe89b06c-frb65-12-2.used-as.sat04-874.out,SATISFIABLE,25.94,SATISFIABLE,14.69,SATISFIABLE,22.11,SATISFIABLE,61.89,SATISFIABLE,80.99,SATISFIABLE,87.83,Selected
a45a0358685867bd4f1c7f7c0b0e379c-x9-10014.sat.sanitized.out,SATISFIABLE,51.62,SATISFIABLE,31.78,SATISFIABLE,58.43,SATISFIABLE,56.68,SATISFIABLE,2.36,SATISFIABLE,46.22,Selected
a5419a63d913bde0ba5bcd8a8571342f-asconhashv12_opt64_H11_M2-tBi5i1RIgRz_m0_1_U23.c.out,UNSATISFIABLE,677.83,UNSATISFIABLE,632.24,UNSATISFIABLE,633.01,UNSATISFIABLE,645.33,UNSATISFIABLE,596.6,UNSATISFIABLE,475.55,Selected
a552a058e6376a36b1f1b2724f228364-IBM_FV_2004_rule_batch_1_31_1_SAT_dat.k40.debugged.out,UNSATISFIABLE,376.52,UNSATISFIABLE,1443.48,UNSATISFIABLE,337.3,UNSATISFIABLE,383.63,UNSATISFIABLE,347.94,UNSATISFIABLE,277.16,Selected
a58b8a5eb61d3110d9fa36a03de588d2-stb_495_168.apx_1_DC-AD.out,UNSATISFIABLE,228.88,UNSATISFIABLE,228.8,UNSATISFIABLE,294.1,UNSATISFIABLE,290.81,UNSATISFIABLE,176.24,UNSATISFIABLE,279.71,Selected
a5dc6226e4c0bebb06926efe55640995-mdp-36-10-sat.out,UNKNOWN,3584.1,UNKNOWN,3585.55,UNKNOWN,3579.14,UNKNOWN,3581.63,UNKNOWN,3584.08,UNKNOWN,3584.29,Not Selected
a5fc113e7d4899f4e4af14b87b6fd6ae-Kakuro-easy-097-ext.xml.hg_4.out,UNSATISFIABLE,2958.52,UNSATISFIABLE,2731.88,UNSATISFIABLE,3066.93,UNSATISFIABLE,2850.91,UNSATISFIABLE,2343.23,UNSATISFIABLE,2441.37,Selected
a6ed647f85f20be4aedd1e9ce31cbdcd-1-ET-256-K-55.sanitized.out,UNKNOWN,3582.64,UNKNOWN,3583.2,UNKNOWN,3578.45,UNKNOWN,3581.27,UNKNOWN,3584.84,UNKNOWN,3578.91,Not Selected
a917b02a7c31e74c8ccf8b8f001abf37-1-ZC-512-K-67.sanitized.out,UNKNOWN,3584.26,UNKNOWN,3583.56,UNKNOWN,3579.36,UNKNOWN,3582.01,UNKNOWN,3585.41,UNKNOWN,3577.99,Not Selected
a9cb77454c6cfdf4092fb304d3aae8b7-mdp-32-16-sat.out,SATISFIABLE,1117.26,SATISFIABLE,325.12,SATISFIABLE,675.23,SATISFIABLE,660.43,SATISFIABLE,1339.67,SATISFIABLE,1243.24,Selected
aa39c6d885d283a085d033ab7b89f8c8-urq45.out,UNSATISFIABLE,285.7,UNSATISFIABLE,678.7,UNSATISFIABLE,298.74,UNSATISFIABLE,361.2,UNSATISFIABLE,1003.3,UNSATISFIABLE,264.8,Selected
aa6e6f67719ca43aef922f2ebabc409a-1-ZC-1024-K-117.sanitized.out,UNKNOWN,3580.79,UNKNOWN,3582.77,UNKNOWN,3579.91,UNKNOWN,3580.82,UNKNOWN,3583.6,UNKNOWN,3583.15,Not Selected
aa9b67fd19d54ad51b93ee4ba5dc75fc-x9-10002.sat.sanitized.out,UNSATISFIABLE,353.18,UNSATISFIABLE,149.14,UNSATISFIABLE,322.24,UNSATISFIABLE,312.18,UNSATISFIABLE,299.65,UNSATISFIABLE,324.67,Selected
aaa3654cc92d80da84ecf5d18040c634-linked_list_swap_contents_safety_unwind62.out,UNSATISFIABLE,280.63,UNSATISFIABLE,106.32,UNSATISFIABLE,131.59,UNSATISFIABLE,107.21,UNSATISFIABLE,141.15,UNSATISFIABLE,113.61,Selected
aacfb8797097f698d14337d3a04f3065-barman-pfile06-022.sas.ex.7.out,UNSATISFIABLE,2.19,UNSATISFIABLE,2.25,UNSATISFIABLE,2.61,UNSATISFIABLE,2.17,UNSATISFIABLE,2.24,UNSATISFIABLE,2.02,Not Selected
ab3438b504b296fcee78ec9e71969863-mdp-36-14-sat.out,UNKNOWN,3582.9,UNKNOWN,3582.93,UNKNOWN,3582.42,UNKNOWN,3577.66,UNKNOWN,3585.03,UNKNOWN,3583.85,Not Selected
ac347c21ca0759079c0be9a758e4e924-cliquecolouring_n41_k5_c4.sanitized.out,UNKNOWN,3582.27,UNKNOWN,3584.05,UNKNOWN,3577.32,UNKNOWN,3580.78,UNKNOWN,3583.9,UNKNOWN,3582.51,Not Selected
aceab5a3452e2901e645065bda3e8847-lru_8.sanitized.out,SATISFIABLE,66.44,SATISFIABLE,64.92,SATISFIABLE,53.17,SATISFIABLE,68.14,SATISFIABLE,62.8,SATISFIABLE,59.63,Selected
ad4e151d80c7012d88dd79bcfceaade5-x9-08075.sat.sanitized.out,UNSATISFIABLE,21.81,UNSATISFIABLE,15.47,UNSATISFIABLE,25.09,UNSATISFIABLE,24.28,UNSATISFIABLE,17.68,UNSATISFIABLE,20.25,Selected
adf6dacdd64c93f9de1aa0eadf427faa-circuit_48in64out_with_800gates_4in4out_dist128_seed1.sanitized.out,SATISFIABLE,44.43,SATISFIABLE,60.26,SATISFIABLE,40.05,SATISFIABLE,29.62,SATISFIABLE,31.06,SATISFIABLE,27.84,Selected
ae9522ea003ea9f75891b2d37a5e264b-srhd-sgi-m37-q446.25-n35-p30-s33692332.out,SATISFIABLE,0.02,SATISFIABLE,0.02,SATISFIABLE,0.02,SATISFIABLE,0.02,SATISFIABLE,0.02,SATISFIABLE,0.02,Not Selected
af05a6b68a1cff165b684d9ff0ae3b3b-x9-12098.sat.sanitized.out,SATISFIABLE,194.93,SATISFIABLE,30.55,SATISFIABLE,756.84,SATISFIABLE,1001.98,SATISFIABLE,218.27,SATISFIABLE,179.31,Selected
af750c18578d52e60472315692ad83c0-si2-b03m-m800-03.out,SATISFIABLE,6.73,SATISFIABLE,9.07,SATISFIABLE,7.5,SATISFIABLE,5.99,SATISFIABLE,6.84,SATISFIABLE,6.9,Not Selected
b087c195e5b7bb191d3a701aa0aa8cf1-Break_unsat_14_23.xml.out,UNKNOWN,3580.16,UNKNOWN,3582.42,UNKNOWN,3577.38,UNKNOWN,3579.71,UNKNOWN,3576.93,UNKNOWN,3583.29,Not Selected
b11374f7fe60b9a63fbfde24b1a0a439-stb_418_125.apx_2_DC-AD.out,UNSATISFIABLE,1558.48,UNSATISFIABLE,1037.96,UNSATISFIABLE,1708.15,UNSATISFIABLE,1681.71,UNSATISFIABLE,999.01,UNSATISFIABLE,1432.75,Selected
b172b4c218f1e44e205575d2b51e82c4-Schur_161_5_d38.out,UNKNOWN,3582.14,UNKNOWN,3584.64,UNKNOWN,3578.13,UNKNOWN,3577.06,UNKNOWN,3584.31,UNKNOWN,3583.36,Not Selected
b3167d999edd81291f33636464f2f8e6-Folkman-190-104806020.sanitized.out,SATISFIABLE,660.14,SATISFIABLE,399.74,SATISFIABLE,941.11,SATISFIABLE,463.42,SATISFIABLE,418.0,SATISFIABLE,314.66,Selected
b3c587501567db72e6e66c6930cf15ed-StConn_7_128.sanitized.out,UNKNOWN,3583.62,UNKNOWN,3586.04,UNKNOWN,3578.86,UNKNOWN,3580.33,UNSATISFIABLE,3380.97,UNKNOWN,3581.18,Selected
b3f53d4c67b234d27e21f5e56bfd39e8-StConn_8_32.sanitized.out,UNSATISFIABLE,750.13,UNSATISFIABLE,3342.03,UNSATISFIABLE,391.15,UNSATISFIABLE,824.43,UNSATISFIABLE,558.44,UNSATISFIABLE,543.54,Selected
b44ea915362c3a140269003d45b1d053-x9-11034.sat.sanitized.out,SATISFIABLE,190.25,SATISFIABLE,67.17,SATISFIABLE,16.24,SATISFIABLE,19.27,SATISFIABLE,257.03,SATISFIABLE,174.42,Selected
b4b41b2ff14427e5715cb9bee06d4602-constraints_17_0.3_2.sanitized.out,UNSATISFIABLE,82.33,UNSATISFIABLE,86.8,UNSATISFIABLE,48.64,UNSATISFIABLE,75.41,UNSATISFIABLE,51.55,UNSATISFIABLE,56.62,Selected
b5028686db9bd1073fa09cbd8c805f47-spg_200_316.out,UNSATISFIABLE,2286.41,UNSATISFIABLE,829.07,UNSATISFIABLE,2722.17,UNSATISFIABLE,836.09,UNSATISFIABLE,2309.21,UNSATISFIABLE,2349.01,Selected
b68ae7866df5e852c3acb97a46da2faf-circuit_48in64out_with_1000gates_4in4out_dist128_seed4.sanitized.out,SATISFIABLE,132.36,SATISFIABLE,213.23,SATISFIABLE,162.03,SATISFIABLE,72.72,SATISFIABLE,174.17,SATISFIABLE,144.49,Selected
b7273af3d468ea2595f11a6dbd6ef6ce-x9-10007.sat.sanitized.out,UNSATISFIABLE,245.12,UNSATISFIABLE,141.61,UNSATISFIABLE,237.18,UNSATISFIABLE,231.95,UNSATISFIABLE,157.87,UNSATISFIABLE,224.74,Selected
b76fa2f50a42120ec54fa98c29113326-lec_mult_DvK_12x12.sanitized.out,UNKNOWN,3584.72,UNKNOWN,3584.14,UNKNOWN,3578.32,UNKNOWN,3582.76,UNKNOWN,3583.22,UNKNOWN,3585.22,Not Selected
b8c7c777e76995e5bf7b517f2db234ba-noL-11-16.sanitized.out,SATISFIABLE,40.0,SATISFIABLE,23.52,SATISFIABLE,130.89,SATISFIABLE,165.57,SATISFIABLE,23.0,SATISFIABLE,32.92,Selected
b8f5fc2425facb3aec52a665f32a500c-asconhashv12_opt64_H6_M2-PgbpwX_m0_4_U1.c.out,UNSATISFIABLE,255.21,UNSATISFIABLE,205.07,UNSATISFIABLE,235.55,UNSATISFIABLE,244.09,UNSATISFIABLE,208.34,UNSATISFIABLE,158.18,Selected
bb591c6447fb6b4180f6d288eb2ff62a-lec_mult_DvW_11x10.sanitized.out,UNSATISFIABLE,627.27,UNSATISFIABLE,449.89,UNSATISFIABLE,592.39,UNSATISFIABLE,576.16,UNSATISFIABLE,433.94,UNSATISFIABLE,570.52,Selected
bbfe2b27182d2ee7fefdb557f458ac9c-cliquecolouring_n21_k6_c5.sanitized.out,UNKNOWN,3582.53,UNKNOWN,3583.63,UNKNOWN,3581.39,UNKNOWN,3579.68,UNKNOWN,3581.78,UNKNOWN,3580.66,Not Selected
bbfed8974655bca520259deb10d2347b-x9-09054.sat.sanitized.out,SATISFIABLE,38.26,SATISFIABLE,41.54,SATISFIABLE,39.13,SATISFIABLE,38.09,SATISFIABLE,14.04,SATISFIABLE,35.35,Selected
bd12a2b66110451b050bd5d2943b1854-ITC2021_Early_10.xml.out,UNKNOWN,3582.14,UNKNOWN,3581.1,UNKNOWN,3577.22,UNKNOWN,3578.31,UNKNOWN,3585.82,UNKNOWN,3583.11,Not Selected
bd19da88800086971e554e9d66bc641d-stb_588_138.apx_1_DC-ST.out,UNSATISFIABLE,279.4,UNSATISFIABLE,199.3,UNSATISFIABLE,284.29,UNSATISFIABLE,278.09,UNSATISFIABLE,217.67,UNSATISFIABLE,256.19,Selected
bd8bc25be2b36c64b38459c17e815814-pcmax-scheduling-m11-1517-6802-UNSAT.sanitized.out,UNSATISFIABLE,83.74,UNSATISFIABLE,51.85,UNSATISFIABLE,61.71,UNSATISFIABLE,59.81,UNSATISFIABLE,56.81,UNSATISFIABLE,76.28,Selected
bdcdb52d16f87ea20f091ca4b0b6a36f-lec_mult_CvK_11x10.sanitized.out,UNSATISFIABLE,742.21,UNSATISFIABLE,474.36,UNSATISFIABLE,729.62,UNSATISFIABLE,706.81,UNSATISFIABLE,594.01,UNSATISFIABLE,680.17,Selected
be18894105e006399cc018abc14b204f-af-synthesis_stb_50_40_9_sat.out,SATISFIABLE,540.41,SATISFIABLE,1021.13,SATISFIABLE,1211.19,SATISFIABLE,1151.82,SATISFIABLE,1037.1,SATISFIABLE,133.29,Selected
be6411f4784a3c879886dda807cdc607-j3037_10_mdd_b.out,SATISFIABLE,5.09,SATISFIABLE,88.08,SATISFIABLE,24.91,SATISFIABLE,99.42,SATISFIABLE,17.33,SATISFIABLE,19.57,Selected
bfadd34e71516e95d0ba2a3a8fb2ba03-pcmax-scheduling-m19-10199-62102-UNSAT.sanitized.out,UNKNOWN,3582.61,UNKNOWN,3582.89,UNKNOWN,3582.35,UNKNOWN,3579.55,UNKNOWN,3584.58,UNKNOWN,3582.87,Not Selected
c0293283432a9b15cd743702163f5184-mp1-Nb7T42.out,SATISFIABLE,2278.35,UNKNOWN,3580.87,UNKNOWN,3580.91,UNKNOWN,3578.95,UNKNOWN,3580.38,UNKNOWN,3582.85,Selected
c03f7f84f6ac9e523c17e391c3895183-linked_list_swap_contents_safety_unwind68.out,UNSATISFIABLE,302.63,UNSATISFIABLE,143.84,UNSATISFIABLE,119.1,UNSATISFIABLE,256.06,UNSATISFIABLE,91.33,UNSATISFIABLE,94.41,Selected
c0e6e6eeebd48ca600cfc7d662fa804c-x9-10093.sat.sanitized.out,UNSATISFIABLE,158.86,UNSATISFIABLE,157.9,UNSATISFIABLE,191.14,UNSATISFIABLE,186.21,UNSATISFIABLE,153.45,UNSATISFIABLE,188.11,Selected
c214f1eb2576af00e3fb09f7d0305764-64_150.sanitized.out,SATISFIABLE,225.81,SATISFIABLE,219.87,SATISFIABLE,224.63,SATISFIABLE,223.07,SATISFIABLE,208.47,SATISFIABLE,206.26,Selected
c21cea390a50204944aa00babd56b53c-linked_list_swap_contents_safety_unwind70.out,UNSATISFIABLE,369.54,UNSATISFIABLE,172.37,UNSATISFIABLE,338.2,UNSATISFIABLE,189.92,UNSATISFIABLE,209.27,UNSATISFIABLE,120.3,Selected
c2bfe541b7cff948fa3193e9ca0eddee-frb45-21-2.used-as.sat04-884.out,SATISFIABLE,112.11,SATISFIABLE,875.6,SATISFIABLE,516.91,SATISFIABLE,1072.17,SATISFIABLE,166.67,SATISFIABLE,567.0,Selected
c3e53c353f30d9e2eb54ed93d6ce4f02-x9-09007.sat.sanitized.out,UNSATISFIABLE,39.71,UNSATISFIABLE,33.55,UNSATISFIABLE,37.89,UNSATISFIABLE,36.94,UNSATISFIABLE,37.11,UNSATISFIABLE,36.35,Selected
c5a98231dd54cbca06135293bb7e1985-x9-11053.sat.sanitized.out,SATISFIABLE,514.98,SATISFIABLE,11.32,SATISFIABLE,70.84,SATISFIABLE,69.47,SATISFIABLE,612.76,SATISFIABLE,410.59,Selected
c5ae0ec49de0959cd14431ce851c14f8-Circuit_multiplier22.out,SATISFIABLE,41.69,SATISFIABLE,428.95,SATISFIABLE,542.21,SATISFIABLE,527.53,SATISFIABLE,377.88,SATISFIABLE,1293.84,Selected
c6568fc8805127e876c4c23551bf49fa-x9-10076.sat.sanitized.out,UNSATISFIABLE,132.1,UNSATISFIABLE,110.42,UNSATISFIABLE,136.68,UNSATISFIABLE,133.96,UNSATISFIABLE,117.39,UNSATISFIABLE,120.22,Selected
c69c5163c9087ffe770743bd4cdafcc9-tseitin_d3_n162.sanitized.out,UNKNOWN,3582.98,UNKNOWN,3586.83,UNKNOWN,3584.85,UNKNOWN,3582.26,UNKNOWN,3586.59,UNKNOWN,3586.44,Not Selected
c6e03256680b96b52e3345a497333c2b-hwb-n24-02-S786928571.shuffled-as.sat03-1618.out,UNSATISFIABLE,316.22,UNSATISFIABLE,182.15,UNSATISFIABLE,231.61,UNSATISFIABLE,224.9,UNSATISFIABLE,161.5,UNSATISFIABLE,259.14,Selected
c73edc350cfa8e07af58db50054aea45-noL-11-12.sanitized.out,SATISFIABLE,228.39,SATISFIABLE,222.78,SATISFIABLE,535.71,SATISFIABLE,135.85,SATISFIABLE,707.63,SATISFIABLE,543.48,Selected
c76f3c6c2e2eae85fc5f3d499f3db88d-mp1-blockpuzzle_5x10_s7_free4.out,UNSATISFIABLE,22.5,UNSATISFIABLE,12.33,UNSATISFIABLE,22.35,UNSATISFIABLE,21.73,UNSATISFIABLE,18.69,UNSATISFIABLE,19.04,Selected
c801a020a6c8bc3c287fea495203b114-worker_20_40_20_0.95.out,SATISFIABLE,0.1,SATISFIABLE,0.14,SATISFIABLE,0.11,SATISFIABLE,0.11,SATISFIABLE,0.1,SATISFIABLE,0.1,Not Selected
c82eee3badbc8432dad72d1d575a0ea6-preimage_80r_495m_160h_seed_379.out,SATISFIABLE,2126.38,SATISFIABLE,2951.79,SATISFIABLE,2587.41,SATISFIABLE,765.44,SATISFIABLE,146.35,SATISFIABLE,611.21,Selected
c8b129b9e4835b8a40d5ef0d27a45bef-linked_list_swap_contents_safety_unwind78.out,UNSATISFIABLE,831.7,UNSATISFIABLE,241.58,UNSATISFIABLE,150.37,UNSATISFIABLE,416.99,UNSATISFIABLE,376.61,UNSATISFIABLE,134.63,Selected
c8e64404361f2426490d39459832c66a-64_25.sanitized.out,SATISFIABLE,34.26,SATISFIABLE,33.65,SATISFIABLE,34.97,SATISFIABLE,33.8,SATISFIABLE,31.93,SATISFIABLE,28.41,Selected
c9f511adbb3d6e1b37b410f972f270c6-af-synthesis_stb_50_140_3_unsat.out,UNSATISFIABLE,335.61,UNSATISFIABLE,304.64,UNSATISFIABLE,362.55,UNSATISFIABLE,355.52,UNSATISFIABLE,292.15,UNSATISFIABLE,245.4,Selected
ca14adcb9296a7b31d7815c2ed16d0f1-ITC2021_Early_3.xml.out,SATISFIABLE,0.57,SATISFIABLE,0.27,SATISFIABLE,0.92,SATISFIABLE,0.41,SATISFIABLE,0.34,SATISFIABLE,0.67,Not Selected
cb2e8b7fada420c5046f587ea754d052-clique_n2_k10.sanitized.out,UNSATISFIABLE,18.64,UNSATISFIABLE,7.75,UNSATISFIABLE,18.44,UNSATISFIABLE,17.83,UNSATISFIABLE,13.15,UNSATISFIABLE,17.28,Selected
cc30e4eedbcf9c3bc110894d08781246-j3037_9_mdd_bm1.out,UNKNOWN,3580.67,UNKNOWN,3581.94,UNKNOWN,3580.59,UNKNOWN,3578.52,UNKNOWN,3577.35,UNKNOWN,3578.73,Not Selected
cccee4b0d4c70a5d5422663e2d8887da-1-ET-512-K-96.sanitized.out,SATISFIABLE,3116.48,UNKNOWN,3583.45,UNKNOWN,3582.58,UNKNOWN,3580.05,UNKNOWN,3580.25,UNKNOWN,3584.73,Selected
cd33a862b81ba7b887845d3510c41c62-MASG0_72_keystream76_0.out,SATISFIABLE,77.95,SATISFIABLE,3148.07,SATISFIABLE,1743.17,SATISFIABLE,2749.68,UNKNOWN,3577.94,UNKNOWN,3584.08,Selected
cd361d33986dccd7f2d86016d6c35241-ecarev-110-4099-22-30-7.out,SATISFIABLE,582.96,SATISFIABLE,417.54,SATISFIABLE,519.61,SATISFIABLE,610.56,SATISFIABLE,359.62,SATISFIABLE,516.64,Selected
cdce6277b01ae06ddb95468c5f05de71-simon-r17-0.sanitized.out,SATISFIABLE,0.0,SATISFIABLE,0.0,SATISFIABLE,0.0,SATISFIABLE,0.0,SATISFIABLE,0.0,SATISFIABLE,0.0,Not Selected
cdd131110acc861a5a01fae6c4936c91-6g_6color_366_050_04.out,UNKNOWN,3580.75,SATISFIABLE,896.0,UNKNOWN,3578.15,UNKNOWN,3573.51,UNKNOWN,3582.59,UNKNOWN,3582.19,Selected
d02fae1e84cfbe799c792ba237f08f66-exam_flat_0.04_2018_3.out,SATISFIABLE,2921.64,SATISFIABLE,556.16,SATISFIABLE,932.16,SATISFIABLE,3215.3,UNKNOWN,3584.54,SATISFIABLE,731.39,Selected
d11944fbca2dd6540f18bd05b6ccda0c-mdp-32-14-sat.out,UNKNOWN,3583.9,UNKNOWN,3584.47,UNKNOWN,3582.16,UNKNOWN,3581.96,UNKNOWN,3585.79,UNKNOWN,3585.05,Not Selected
d1940d3d830eb16a7d2270ca4af4acba-mdp-28-11-sat.out,SATISFIABLE,224.0,SATISFIABLE,507.71,SATISFIABLE,635.19,SATISFIABLE,614.17,SATISFIABLE,598.88,SATISFIABLE,206.44,Selected
d195412a62cdcbb851136f60af76f463-x9-09098.sat.sanitized.out,UNSATISFIABLE,74.01,UNSATISFIABLE,49.13,UNSATISFIABLE,84.97,UNSATISFIABLE,82.2,UNSATISFIABLE,57.38,UNSATISFIABLE,68.23,Selected
d3893e43819a907055a84e48a6ee97ba-g2-ak128boothbg2msaig.out,SATISFIABLE,0.66,SATISFIABLE,0.95,SATISFIABLE,0.95,SATISFIABLE,0.92,SATISFIABLE,0.89,SATISFIABLE,0.88,Not Selected
d40a68825bdbcdd7642b249325a7b6a2-Folkman-180-5383714.sanitized.out,SATISFIABLE,58.41,SATISFIABLE,68.23,SATISFIABLE,91.07,SATISFIABLE,159.38,SATISFIABLE,77.12,SATISFIABLE,247.51,Selected
d5f6b2092795aad67d1df1fd3a329552-ER_400_20_7.apx_2_DC-ST.out,UNSATISFIABLE,2749.2,UNSATISFIABLE,2177.79,UNSATISFIABLE,2873.68,UNSATISFIABLE,3205.82,UNSATISFIABLE,1817.6,UNSATISFIABLE,2372.69,Selected
d7627176604d5b86f34d2f5d14d8ee99-worker_40_80_40_0.9.out,UNKNOWN,3584.92,UNKNOWN,3585.99,UNKNOWN,3584.09,UNKNOWN,3579.83,UNKNOWN,3586.95,UNKNOWN,3580.5,Not Selected
d7dbb2cba940af33b2bce37ea99b8110-6s130-opt.out,UNSATISFIABLE,71.46,UNSATISFIABLE,484.67,UNSATISFIABLE,104.65,UNSATISFIABLE,95.87,UNSATISFIABLE,82.32,UNSATISFIABLE,61.65,Selected
d7f2e4ec8e631387c928c79e1054c663-stb_418_125.apx_1_DC-AD.out,UNSATISFIABLE,1665.7,UNSATISFIABLE,1172.89,UNSATISFIABLE,1552.33,UNSATISFIABLE,1513.7,UNSATISFIABLE,1112.92,UNSATISFIABLE,1294.86,Selected
da929c2aefde5e59878ad87c4323e581-pcmax-scheduling-m12-8049-55035-SAT.sanitized.out,UNKNOWN,3582.23,UNKNOWN,3577.66,UNKNOWN,3581.91,UNKNOWN,3580.7,UNKNOWN,3583.26,SATISFIABLE,1770.57,Selected
dacb03ea801d459ef08db23a8b1d104f-lec_mult_DvW_12x12.sanitized.out,UNKNOWN,3580.92,UNKNOWN,3582.39,UNKNOWN,3581.0,UNKNOWN,3582.48,UNKNOWN,3584.42,UNKNOWN,3574.9,Not Selected
dafc03ea784fee849febca7b64230558-pcmax-scheduling-m30-14113-167638-UNSAT.sanitized.out,UNSATISFIABLE,826.99,UNSATISFIABLE,2829.0,UNSATISFIABLE,1555.27,UNSATISFIABLE,1740.36,UNSATISFIABLE,1184.95,UNSATISFIABLE,1931.58,Selected
db15a85651e0d941a11bf8640625edd8-mdp-32-11-sat.out,UNKNOWN,3584.24,UNKNOWN,3585.48,UNKNOWN,3581.35,UNKNOWN,3582.54,UNKNOWN,3581.26,UNKNOWN,3582.81,Not Selected
dc7817dfa2817916b266c1cfacd2ee66-constraints_25_4_5_12_12_0_0_0.sanitized.out,UNSATISFIABLE,627.62,UNKNOWN,3582.61,UNSATISFIABLE,308.67,UNSATISFIABLE,410.12,UNSATISFIABLE,317.41,UNSATISFIABLE,356.34,Selected
dcf5b8224d1e0748871c83ee10067255-2dlx_ca_bp_f_liveness.out,UNKNOWN,3583.0,UNKNOWN,3582.22,UNKNOWN,3581.45,UNKNOWN,3579.59,UNKNOWN,3584.42,UNKNOWN,3577.53,Not Selected
dd57f6ebf07a7f932a82bed1877788e6-lec_mult_KvW_10x10.sanitized.out,UNSATISFIABLE,336.71,UNSATISFIABLE,219.91,UNSATISFIABLE,297.39,UNSATISFIABLE,291.18,UNSATISFIABLE,288.28,UNSATISFIABLE,308.93,Selected
dd5fc8da5454a990a0e7999884158c64-1-ET-256-K-70.sanitized.out,UNSATISFIABLE,127.12,UNSATISFIABLE,2912.33,UNSATISFIABLE,121.06,UNSATISFIABLE,157.65,UNSATISFIABLE,92.96,UNSATISFIABLE,130.49,Selected
dd7164f2592c9675618c5c99af9b70f3-1-ZC-512-K-64.sanitized.out,UNKNOWN,3584.88,UNKNOWN,3583.52,UNKNOWN,3583.93,UNKNOWN,3581.19,UNKNOWN,3585.54,UNKNOWN,3583.37,Not Selected
ddc0720fa5a91d9cc0dc726644ab9e9f-6s167-opt.out,UNSATISFIABLE,0.31,UNSATISFIABLE,0.32,UNSATISFIABLE,0.28,UNSATISFIABLE,0.34,UNSATISFIABLE,0.33,UNSATISFIABLE,0.26,Not Selected
de7a6b03999e2bc5bd750831c2662a4d-noL-11-18.sanitized.out,SATISFIABLE,49.28,SATISFIABLE,163.06,SATISFIABLE,229.28,SATISFIABLE,132.05,SATISFIABLE,573.72,SATISFIABLE,59.64,Selected
ded23680dfeab2879c05bc0e4de21126-x9-09014.sat.sanitized.out,UNSATISFIABLE,54.81,UNSATISFIABLE,36.21,UNSATISFIABLE,50.67,UNSATISFIABLE,49.78,UNSATISFIABLE,40.5,UNSATISFIABLE,50.47,Selected
df1bd67978b9b0ec1d326ba174bc273c-x9-12021.sat.sanitized.out,SATISFIABLE,2699.55,SATISFIABLE,368.87,SATISFIABLE,522.8,SATISFIABLE,515.47,SATISFIABLE,2093.84,SATISFIABLE,2329.15,Selected
e067414e153ee98a7842bd6d6dafeee5-af-synthesis_stb_50_200_0_sat.out,SATISFIABLE,919.67,SATISFIABLE,268.16,SATISFIABLE,477.99,SATISFIABLE,500.95,SATISFIABLE,707.99,SATISFIABLE,27.39,Selected
e06be7a69dbd6d6866a2799cd40c4bfe-hwmcc20miters-iso-mul7.sanitized.out,UNSATISFIABLE,1.94,UNSATISFIABLE,1.92,UNSATISFIABLE,2.0,UNSATISFIABLE,1.96,UNSATISFIABLE,1.81,UNSATISFIABLE,1.79,Not Selected
e08f11f0a3bd266ee5c78ce332de107f-x9-10096.sat.sanitized.out,UNSATISFIABLE,156.27,UNSATISFIABLE,105.28,UNSATISFIABLE,170.95,UNSATISFIABLE,168.85,UNSATISFIABLE,139.44,UNSATISFIABLE,141.58,Selected
e0bf26a7527cd162c7d3016d4b2ab9fb-md5_48_1.out,SATISFIABLE,12.06,SATISFIABLE,61.52,SATISFIABLE,49.92,SATISFIABLE,16.49,SATISFIABLE,66.85,SATISFIABLE,228.83,Selected
e2deb375e56da2360ecd08fc1179fb7d-circuit_48in24out_with_100gates_7in7out_dist128_seed1.sanitized.out,SATISFIABLE,137.76,SATISFIABLE,154.54,SATISFIABLE,135.17,SATISFIABLE,128.11,SATISFIABLE,134.93,SATISFIABLE,104.31,Selected
e371cd7cdde3e7ccb9834290fd4a92d0-32_350.sanitized.out,SATISFIABLE,283.53,SATISFIABLE,275.76,SATISFIABLE,285.17,SATISFIABLE,282.58,SATISFIABLE,266.83,SATISFIABLE,231.29,Selected
e38601380bfbab35dd8c5927283533fb-lec_mult_CvK_11x11.sanitized.out,UNSATISFIABLE,2125.29,UNSATISFIABLE,1442.4,UNSATISFIABLE,2379.1,UNSATISFIABLE,2360.38,UNSATISFIABLE,1919.56,UNSATISFIABLE,1914.62,Selected
e481a97a93fd6b4303f39024d19c2867-j3037_1_gmto_b.out,SATISFIABLE,131.3,SATISFIABLE,10.9,SATISFIABLE,16.77,SATISFIABLE,49.33,SATISFIABLE,548.45,SATISFIABLE,26.92,Selected
e6cdc2687fa53506021f05b60ad0c6a2-GracefulGraph-K05-P02_c18.out,SATISFIABLE,11.88,SATISFIABLE,56.8,SATISFIABLE,36.63,SATISFIABLE,37.33,SATISFIABLE,17.03,SATISFIABLE,24.82,Selected
e7248b57a310ad461924eb17956cdf3a-Folkman-190-358004741.sanitized.out,SATISFIABLE,402.26,SATISFIABLE,830.13,SATISFIABLE,1349.21,SATISFIABLE,1381.47,SATISFIABLE,1463.28,SATISFIABLE,267.26,Selected
e84b00b1f134e0e071a2baf54cfc90e8-ER_400_20_4.apx_2_DC-ST.out,UNSATISFIABLE,400.86,UNSATISFIABLE,245.4,UNSATISFIABLE,402.07,UNSATISFIABLE,404.18,UNSATISFIABLE,279.93,UNSATISFIABLE,364.52,Selected
e85e793a66a2c9d390f40acf29a5346b-1-ET-512-K-110.sanitized.out,UNKNOWN,3585.01,UNKNOWN,3585.3,UNKNOWN,3584.02,UNKNOWN,3581.5,UNKNOWN,3586.19,UNKNOWN,3582.73,Not Selected
e85fb114c33f450dc2622c78bc6fa019-lru_7.sanitized.out,SATISFIABLE,57.78,SATISFIABLE,56.69,SATISFIABLE,57.72,SATISFIABLE,56.98,SATISFIABLE,53.86,SATISFIABLE,52.16,Selected
e8abb9c83efdd96a99990f3b914ea873-linked_list_swap_contents_safety_unwind57.out,UNSATISFIABLE,205.53,UNSATISFIABLE,129.7,UNSATISFIABLE,116.22,UNSATISFIABLE,101.35,UNSATISFIABLE,131.5,UNSATISFIABLE,81.68,Selected
e99e266b422513a2898c13898a1de501-rbsat-v760c43649gyes9.out,SATISFIABLE,73.73,SATISFIABLE,30.01,SATISFIABLE,180.82,SATISFIABLE,50.85,SATISFIABLE,187.89,SATISFIABLE,65.15,Selected
ea827f81bd0e9735739adc0d9da1b446-ER_500_30_3.apx_2_DC-AD.out,UNSATISFIABLE,849.41,UNSATISFIABLE,993.33,UNSATISFIABLE,1188.89,UNSATISFIABLE,1216.73,UNSATISFIABLE,938.88,UNSATISFIABLE,1036.64,Selected
ec84eecb124c63d4757e083dd0e5a9ff-mchess_15.out,UNSATISFIABLE,72.65,UNSATISFIABLE,252.12,UNSATISFIABLE,525.62,UNSATISFIABLE,514.6,UNSATISFIABLE,138.75,UNSATISFIABLE,231.77,Selected
ecca77b5350eca6a4323edd5b38208c6-004.out,SATISFIABLE,250.69,SATISFIABLE,47.99,SATISFIABLE,115.71,SATISFIABLE,144.86,SATISFIABLE,347.64,SATISFIABLE,64.12,Selected
eda4aa84aeeb306468396fa82a6bba5a-pb_300_05_lb_17.out,SATISFIABLE,69.79,SATISFIABLE,46.21,SATISFIABLE,69.3,SATISFIABLE,79.0,SATISFIABLE,59.57,SATISFIABLE,84.21,Selected
edceb8782e72e290fa54757dbfdd0173-x9-09057.sat.sanitized.out,UNSATISFIABLE,44.98,UNSATISFIABLE,34.11,UNSATISFIABLE,45.92,UNSATISFIABLE,45.11,UNSATISFIABLE,36.36,UNSATISFIABLE,38.06,Selected
eddd68e14d69cce7190b99f4e7abdafb-x9-10098.sat.sanitized.out,SATISFIABLE,79.96,SATISFIABLE,16.36,SATISFIABLE,35.14,SATISFIABLE,34.69,SATISFIABLE,3.92,SATISFIABLE,73.47,Selected
ee57608ea4b74f25aebca809d59711c9-oisc-subrv-sll-nested-13.out,UNSATISFIABLE,3038.98,UNKNOWN,3582.79,UNSATISFIABLE,2548.36,UNKNOWN,3577.39,UNSATISFIABLE,1254.8,UNSATISFIABLE,1936.51,Selected
eed5189b73738270ae3fdb8b33bf31c8-Folkman-180-11710376.sanitized.out,SATISFIABLE,283.16,SATISFIABLE,227.15,SATISFIABLE,91.0,SATISFIABLE,167.94,SATISFIABLE,183.94,SATISFIABLE,248.35,Selected
ef16970ab9da31165d3c401ff9b29168-Folkman-185-152478531.sanitized.out,SATISFIABLE,164.74,SATISFIABLE,221.57,SATISFIABLE,437.42,SATISFIABLE,1173.83,SATISFIABLE,714.25,SATISFIABLE,204.6,Selected
ef330d1b144055436a2d576601191ea5-crn_11_99_u.out,UNSATISFIABLE,1.83,UNSATISFIABLE,124.99,UNSATISFIABLE,2.44,UNSATISFIABLE,1.71,UNSATISFIABLE,1.83,UNSATISFIABLE,1.28,Selected
f0426369f61595aee97055965ee7e6a3-hwmcc12miters-xits-iso-6s111.sanitized.out,UNSATISFIABLE,2.73,UNSATISFIABLE,2.76,UNSATISFIABLE,2.71,UNSATISFIABLE,2.72,UNSATISFIABLE,2.77,UNSATISFIABLE,2.26,Not Selected
f054205a7cef98e5021016f864c69816-summle_X11112_steps6_I1-2-2-4-4-8-25-100.out,SATISFIABLE,44.92,SATISFIABLE,10.24,SATISFIABLE,20.49,SATISFIABLE,73.48,SATISFIABLE,31.84,SATISFIABLE,16.97,Selected
f15ad4206d95a3f8f1358b33301539be-ER_400_20_7.apx_1_DC-AD.out,UNSATISFIABLE,1047.48,UNSATISFIABLE,716.47,UNSATISFIABLE,865.73,UNSATISFIABLE,851.34,UNSATISFIABLE,699.13,UNSATISFIABLE,965.25,Selected
f16b7329ef5728f722c291156b3b098e-af-synthesis_stb_50_100_9_unsat.out,UNSATISFIABLE,939.54,UNSATISFIABLE,1010.73,UNSATISFIABLE,911.33,UNSATISFIABLE,974.32,UNSATISFIABLE,870.61,UNSATISFIABLE,685.47,Selected
f18c7c7b8666458fd04ea7a253ae1e20-FmlaImplyChain_3_7_7.sanitized.out,UNSATISFIABLE,682.35,UNKNOWN,3586.57,UNSATISFIABLE,1022.56,UNSATISFIABLE,1226.15,UNSATISFIABLE,2001.44,UNSATISFIABLE,1066.08,Selected
f296fe701a562022c0de0cf565fbca7d-x9-08014.sat.sanitized.out,UNSATISFIABLE,22.85,UNSATISFIABLE,16.11,UNSATISFIABLE,22.65,UNSATISFIABLE,22.07,UNSATISFIABLE,18.72,UNSATISFIABLE,19.57,Selected
f32bb347996c351bc3e9a91c58e8601d-DLTM_twitter774_83_17.out,SATISFIABLE,175.85,SATISFIABLE,461.79,SATISFIABLE,1427.67,SATISFIABLE,175.29,SATISFIABLE,2725.36,SATISFIABLE,127.99,Selected
f376d4c191518ed704326960b6b19a4b-x9-10084.sat.sanitized.out,UNSATISFIABLE,169.8,UNSATISFIABLE,118.52,UNSATISFIABLE,145.17,UNSATISFIABLE,142.69,UNSATISFIABLE,131.25,UNSATISFIABLE,155.28,Selected
f45e5faf1bcccbdd3065dd6367c3bd16-x9-10083.sat.sanitized.out,UNSATISFIABLE,193.79,UNSATISFIABLE,96.44,UNSATISFIABLE,167.34,UNSATISFIABLE,164.28,UNSATISFIABLE,154.14,UNSATISFIABLE,158.85,Selected
f48735588e3515135f039e8bc8efaee5-asconhashv12_opt64_H11_M2-MxJOnbQIXNd_m5_6.c.out,SATISFIABLE,244.02,SATISFIABLE,374.1,SATISFIABLE,149.31,SATISFIABLE,442.68,SATISFIABLE,197.23,SATISFIABLE,422.72,Selected
f50eaf02a8041510b64104998cc81d2f-sted5_0x24204-50.out,SATISFIABLE,32.13,SATISFIABLE,9.93,SATISFIABLE,5.7,SATISFIABLE,56.11,SATISFIABLE,169.91,SATISFIABLE,48.93,Selected
f54b352934be08821aa75b3424112956-linked_list_swap_contents_safety_unwind54.out,UNSATISFIABLE,205.45,UNSATISFIABLE,131.79,UNSATISFIABLE,104.26,UNSATISFIABLE,97.11,UNSATISFIABLE,108.96,UNSATISFIABLE,77.96,Selected
f561c52b987bdb9031a477864070b759-Ptn-7824-b18.out,SATISFIABLE,76.56,SATISFIABLE,238.11,SATISFIABLE,148.68,SATISFIABLE,147.81,SATISFIABLE,116.79,SATISFIABLE,14.84,Selected
f70788e8446c1bc42684316de0a6c164-hwmcc20miters-iso-mul3.sanitized.out,UNSATISFIABLE,1.46,UNSATISFIABLE,1.92,UNSATISFIABLE,1.92,UNSATISFIABLE,1.91,UNSATISFIABLE,1.83,UNSATISFIABLE,1.78,Not Selected
f746dae2050dd4aa48bcd53e8bd897b4-ex065_25.out,SATISFIABLE,2252.86,UNKNOWN,3585.06,SATISFIABLE,1212.56,SATISFIABLE,888.75,SATISFIABLE,1072.22,SATISFIABLE,1367.3,Selected
f7e855b18105170b0718086d3f5b5923-j3045_10_rggt_b.out,SATISFIABLE,191.05,SATISFIABLE,640.76,SATISFIABLE,231.15,SATISFIABLE,643.85,SATISFIABLE,110.4,SATISFIABLE,237.14,Selected
f8443057c188f6c9cfb711ff3d4aa6ff-constraints_17_0.5_2.sanitized.out,UNSATISFIABLE,141.47,UNSATISFIABLE,127.38,UNSATISFIABLE,145.83,UNSATISFIABLE,133.49,UNSATISFIABLE,106.16,UNSATISFIABLE,98.86,Selected
f86dad4ba35369eb720a0c9ddc45037a-combined-crypto1-wff-seed-1-wffvars-450-cryptocplx-40-overlap-2.out,SATISFIABLE,16.46,SATISFIABLE,5.02,SATISFIABLE,7.84,SATISFIABLE,7.57,SATISFIABLE,65.21,SATISFIABLE,17.94,Selected
fa50d69adc71fe4daf7f9088cd02864a-circuit_32in64out_with_150gates_6in6out_dist256_seed1.sanitized.out,SATISFIABLE,1666.67,UNKNOWN,3585.96,UNKNOWN,3585.31,UNKNOWN,3583.84,UNKNOWN,3585.42,UNKNOWN,3583.85,Selected
fa5c6d6736a42650656c5bc018413254-bphp_p23_h22.sanitized.out,UNKNOWN,3587.14,UNKNOWN,3588.05,UNKNOWN,3587.77,UNKNOWN,3583.72,UNKNOWN,3588.53,UNKNOWN,3586.54,Not Selected
fae08ac5b6d7eeb4f56f1cfac6c51703-j3045_4_mdd_bm1.out,UNSATISFIABLE,518.14,UNSATISFIABLE,1242.62,UNSATISFIABLE,627.79,UNSATISFIABLE,553.2,UNSATISFIABLE,400.2,UNSATISFIABLE,486.2,Selected
fb0e505b8bd19a34f1f80b8e020e7856-constraints_17_0.4_2.sanitized.out,UNSATISFIABLE,102.32,UNSATISFIABLE,110.95,UNSATISFIABLE,82.45,UNSATISFIABLE,88.91,UNSATISFIABLE,77.92,UNSATISFIABLE,87.07,Selected
fb45d41807bcbbbe689de282c1310798-Break_unsat_16_27.xml.out,UNKNOWN,3585.45,UNKNOWN,3585.99,UNKNOWN,3585.45,UNKNOWN,3584.53,UNKNOWN,3585.73,UNKNOWN,3585.2,Not Selected
fb51311320bb42bdb893249998a77f40-constraints_16_0.3_1.sanitized.out,UNSATISFIABLE,201.89,UNSATISFIABLE,207.66,UNSATISFIABLE,168.95,UNSATISFIABLE,165.69,UNSATISFIABLE,159.67,UNSATISFIABLE,156.0,Selected
ff9e9b01d50d01ecb6740472d7dd36cd-1-ZC-512-K-61.sanitized.out,SATISFIABLE,699.7,SATISFIABLE,997.53,SATISFIABLE,1106.12,SATISFIABLE,643.74,SATISFIABLE,742.15,SATISFIABLE,840.83,Selected
sat_solver_3391438.log,,,,,,,,,,,,,Not Selected
solver_results.csv,,,,,,,,,,,,,Not Selected
